-- MySQL dump 10.13  Distrib 5.7.21, for Win64 (x86_64)
--
-- Host: localhost    Database: tspdb1
-- ------------------------------------------------------
-- Server version	5.7.21-log

/*!40101 SET @OLD_CHARACTER_SET_CLIENT=@@CHARACTER_SET_CLIENT */;
/*!40101 SET @OLD_CHARACTER_SET_RESULTS=@@CHARACTER_SET_RESULTS */;
/*!40101 SET @OLD_COLLATION_CONNECTION=@@COLLATION_CONNECTION */;
/*!40101 SET NAMES utf8 */;
/*!40103 SET @OLD_TIME_ZONE=@@TIME_ZONE */;
/*!40103 SET TIME_ZONE='+00:00' */;
/*!40014 SET @OLD_UNIQUE_CHECKS=@@UNIQUE_CHECKS, UNIQUE_CHECKS=0 */;
/*!40014 SET @OLD_FOREIGN_KEY_CHECKS=@@FOREIGN_KEY_CHECKS, FOREIGN_KEY_CHECKS=0 */;
/*!40101 SET @OLD_SQL_MODE=@@SQL_MODE, SQL_MODE='NO_AUTO_VALUE_ON_ZERO' */;
/*!40111 SET @OLD_SQL_NOTES=@@SQL_NOTES, SQL_NOTES=0 */;

--
-- Table structure for table `admin`
--

DROP TABLE IF EXISTS `admin`;
/*!40101 SET @saved_cs_client     = @@character_set_client */;
/*!40101 SET character_set_client = utf8 */;
CREATE TABLE `admin` (
  `id` bigint(20) NOT NULL AUTO_INCREMENT,
  `full_name` varchar(255) DEFAULT NULL,
  `password` varchar(255) DEFAULT NULL,
  `role` varchar(255) DEFAULT NULL,
  `username` varchar(255) DEFAULT NULL,
  PRIMARY KEY (`id`),
  UNIQUE KEY `UK_gfn44sntic2k93auag97juyij` (`username`)
) ENGINE=MyISAM AUTO_INCREMENT=3 DEFAULT CHARSET=utf8;
/*!40101 SET character_set_client = @saved_cs_client */;

--
-- Dumping data for table `admin`
--

LOCK TABLES `admin` WRITE;
/*!40000 ALTER TABLE `admin` DISABLE KEYS */;
INSERT INTO `admin` VALUES (1,'Admin 1','admin1','admin','vzadmin1'),(2,'Admin 2','admin2','admin','vzadmin2');
/*!40000 ALTER TABLE `admin` ENABLE KEYS */;
UNLOCK TABLES;

--
-- Table structure for table `csa`
--

DROP TABLE IF EXISTS `csa`;
/*!40101 SET @saved_cs_client     = @@character_set_client */;
/*!40101 SET character_set_client = utf8 */;
CREATE TABLE `csa` (
  `csa_id` bigint(20) NOT NULL AUTO_INCREMENT,
  `csa_email_id` varchar(255) DEFAULT NULL,
  `csa_fname` varchar(255) DEFAULT NULL,
  `csa_lname` varchar(255) DEFAULT NULL,
  `csa_mobile_no` varchar(255) DEFAULT NULL,
  `csa_primary_lang` varchar(255) DEFAULT NULL,
  `tc` bigint(20) DEFAULT NULL,
  PRIMARY KEY (`csa_id`),
  KEY `FKb0pfwr11o9wwrl2rrkbkxb73d` (`tc`)
) ENGINE=MyISAM AUTO_INCREMENT=10501 DEFAULT CHARSET=utf8;
/*!40101 SET character_set_client = @saved_cs_client */;

--
-- Dumping data for table `csa`
--

LOCK TABLES `csa` WRITE;
/*!40000 ALTER TABLE `csa` DISABLE KEYS */;
INSERT INTO `csa` VALUES (10001,'porttitor.vulputate.posuere@Crasdolordolor.co.uk','Sybil','Sheppard','0695256547','Marathi',30029),(10002,'lacus.Etiam.bibendum@interdumNuncsollicitudin.edu','Victor','Molina','6519705024','Marathi',30012),(10003,'lobortis@faucibusorci.com','Christine','Baxter','9281845529','Marathi',30024),(10004,'erat.Vivamus@magnaDuisdignissim.com','Zephania','Lynch','3534026400','Kannada',30040),(10005,'vel@In.com','Eugenia','Kinney','2981822886','English',30005),(10006,'metus.In.nec@vestibulumMauris.org','Derek','Davis','9945880054','Malayalam',30020),(10007,'tincidunt.congue.turpis@orci.co.uk','Gwendolyn','Allison','8450970417','Punjabi',30035),(10008,'convallis.ligula.Donec@Pellentesquehabitant.org','Russell','Fischer','6489453085','Maghi',30012),(10009,'tellus.eu.augue@Aeneangravida.edu','Vincent','Clayton','3515572744','Malayalam',30015),(10010,'tempor.lorem@ridiculus.edu','Mikayla','Miles','5021235488','Bhojpuri',30008),(10011,'posuere.cubilia.Curae@ullamcorperDuisat.net','Yen','Riggs','4939435528','Maghi',30030),(10012,'ipsum.primis@euodiotristique.com','McKenzie','Mooney','9508524137','Kannada',30005),(10013,'cursus@Curae.ca','Lani','Underwood','3747032238','Maghi',30021),(10014,'vitae.dolor.Donec@lectusa.ca','Nelle','Bird','5625216734','Bengali',30003),(10015,'Cras@sapienmolestie.com','Cameron','Cabrera','2823969121','Hindi',30023),(10016,'conubia.nostra@ProinvelitSed.net','Nevada','Rowland','3615332530','English',30030),(10017,'mauris.a@sagittisNullam.com','Charissa','Dudley','1077212826','Malayalam',30019),(10018,'Phasellus.ornare@accumsan.co.uk','Wallace','Young','7343725720','Punjabi',30021),(10019,'velit@auctorveliteget.net','Rana','Dodson','8428684373','Punjabi',30010),(10020,'tincidunt@diamlorem.com','Geoffrey','Bruce','7486926133','Bengali',30022),(10021,'et.rutrum.eu@tellusPhaselluselit.net','Tucker','Jensen','4166996710','Punjabi',30025),(10022,'sodales.purus.in@ipsum.org','Dominique','Kelly','7979226117','Hindi',30001),(10023,'Donec.tempus.lorem@mauriselit.com','Rhona','Campos','7037322342','Tamil',30027),(10024,'est@urnasuscipit.edu','Iona','Downs','1132136034','Bengali',30031),(10025,'eleifend@cursusIntegermollis.co.uk','Cameron','Graham','0966916124','English',30017),(10026,'Phasellus.libero@duiFuscealiquam.ca','Wynter','Macdonald','6059849057','English',30003),(10027,'orci.Ut.sagittis@Nulla.edu','Carson','Pate','2356535087','Marathi',30025),(10028,'laoreet.ipsum@Phasellusdolorelit.net','Chase','Cunningham','3566077901','Tamil',30030),(10029,'Nunc.mauris@ipsum.net','Paloma','Pickett','2503867823','Hindi',30024),(10030,'ullamcorper@nectempusscelerisque.edu','Belle','Shannon','3457286710','Tamil',30041),(10031,'magna.sed@nasceturridiculus.org','Jarrod','Levy','9744935664','Bhojpuri',30030),(10032,'Cras.dolor@augue.co.uk','Martin','Mcmahon','9323528791','Kannada',30039),(10033,'Vestibulum.accumsan.neque@adlitoratorquent.org','Fatima','White','9740155066','Hindi',30023),(10034,'egestas.a@indolorFusce.net','Macon','Fletcher','1034188779','Punjabi',30006),(10035,'sagittis.Duis@nuncnullavulputate.org','Patrick','Reyes','7656587425','Tamil',30037),(10036,'aliquet.diam@ultricesa.co.uk','Maggy','Harper','0903052778','Hindi',30021),(10037,'dolor.quam@idanteNunc.net','Wesley','Evans','7796186198','Tamil',30022),(10038,'morbi@congue.ca','Solomon','Harvey','7209359255','Punjabi',30005),(10039,'lacinia@nasceturridiculusmus.co.uk','Adrian','Austin','5905252099','Tamil',30043),(10040,'quis.massa@egestasa.ca','Joel','Conway','9514713419','Maghi',30019),(10041,'Aenean@placeratvelitQuisque.edu','Tana','Melton','2980540329','Malayalam',30012),(10042,'in.tempus@eget.co.uk','Aurora','Christensen','2073410954','Tamil',30022),(10043,'velit.Pellentesque.ultricies@sociisnatoquepenatibus.org','Lenore','Miranda','7591299587','Marathi',30041),(10044,'ac@eget.co.uk','Carson','Slater','8723525159','Bhojpuri',30020),(10045,'Proin.eget.odio@NullainterdumCurabitur.edu','Hector','Byers','6213514856','English',30031),(10046,'Morbi@odioNaminterdum.net','Abbot','Bennett','5179724636','Malayalam',30020),(10047,'feugiat.Sed.nec@tortor.net','Colby','Frank','3495842837','Maghi',30014),(10048,'nunc.ullamcorper@Crasvulputatevelit.net','Slade','Howard','0111524249','Bengali',30005),(10049,'lectus.pede.ultrices@ullamcorper.com','Sopoline','William','3701978096','Maghi',30042),(10050,'Morbi.vehicula.Pellentesque@duiCras.ca','Beck','Maldonado','8402059270','Tamil',30002),(10051,'Proin@ridiculusmus.co.uk','Jaime','Guzman','7647838179','English',30013),(10052,'gravida@tinciduntadipiscing.ca','Arsenio','Gallegos','1216076807','Bengali',30004),(10053,'mattis.Cras@malesuada.net','Zachery','Henson','9056528949','Bhojpuri',30031),(10054,'arcu@dictumplacerat.co.uk','Garrett','Caldwell','9716005721','Hindi',30035),(10055,'dui@fringillapurus.com','Hilary','Giles','7150047996','Marathi',30032),(10056,'ultricies.ornare.elit@nectempus.edu','Hayden','Travis','7023416145','Maghi',30009),(10057,'mi.tempor.lorem@tempusnonlacinia.org','Byron','Monroe','7543807187','Kannada',30028),(10058,'Sed@arcuVestibulumut.ca','Chaney','Maynard','1071224215','Punjabi',30012),(10059,'nibh.Aliquam@turpis.org','Nita','Cantu','9821442846','Marathi',30020),(10060,'dictum.eu@afeugiat.com','Jescie','Richard','4381186896','Malayalam',30005),(10061,'nec@eueratsemper.co.uk','Dolan','Avila','5899741933','Kannada',30038),(10062,'lectus@et.net','Emi','Fernandez','8913473760','Marathi',30003),(10063,'pede@id.edu','Rama','Macias','1673545001','Bhojpuri',30042),(10064,'dolor.sit.amet@elementumloremut.co.uk','Bertha','Hodges','0573064062','Punjabi',30028),(10065,'elementum.sem.vitae@augueeu.org','Dominique','Camacho','2580498914','Hindi',30005),(10066,'pede.ac@ut.ca','Cyrus','Marquez','4304048203','Punjabi',30042),(10067,'posuere@ProinmiAliquam.net','August','Fisher','6148691405','Maghi',30006),(10068,'habitant.morbi.tristique@ligulatortor.co.uk','Isaac','Dixon','9979637627','Punjabi',30024),(10069,'amet@lacuspedesagittis.co.uk','Hollee','Raymond','7354017384','Marathi',30031),(10070,'laoreet.ipsum@metuseu.edu','Ira','Duke','1195647269','Bhojpuri',30027),(10071,'Nullam.enim.Sed@aliquet.org','Jillian','Olson','1987652454','Punjabi',30035),(10072,'Duis.elementum@Integer.edu','Nichole','Deleon','9215208599','Hindi',30041),(10073,'eu.euismod@enimcondimentumeget.org','Gretchen','Barnes','3238721921','Maghi',30006),(10074,'sem@consectetueradipiscingelit.org','Gary','Burnett','8126941356','Marathi',30007),(10075,'ac@risus.co.uk','Wayne','Bond','9753046996','Tamil',30017),(10076,'ultrices.a.auctor@Proin.co.uk','Beau','House','5927331951','Hindi',30033),(10077,'elit.a.feugiat@antelectus.ca','Lewis','Workman','0319096209','Marathi',30001),(10078,'egestas.Aliquam.nec@ametloremsemper.ca','Chanda','Gilbert','0314810814','Punjabi',30039),(10079,'tortor@ametdiameu.org','Stacey','Swanson','1240922971','Bengali',30029),(10080,'imperdiet@nasceturridiculusmus.org','Hammett','Yates','8393092208','Malayalam',30024),(10081,'tincidunt@a.co.uk','Stella','Wiley','9810288495','Bhojpuri',30039),(10082,'est.tempor@porttitor.edu','August','Humphrey','4066901171','Maghi',30025),(10083,'nostra.per@turpisNullaaliquet.net','Rahim','Duran','4626655587','Bhojpuri',30007),(10084,'non@tristiquesenectuset.com','Stacy','Hendrix','7961745306','Punjabi',30005),(10085,'eu.ligula.Aenean@libero.org','Kylynn','Silva','3915596365','Bhojpuri',30022),(10086,'cursus.a@ultrices.ca','Haley','Valenzuela','0208345332','Bengali',30015),(10087,'lorem.luctus.ut@necurnaet.org','Vivien','Beck','6375938246','Punjabi',30027),(10088,'lorem.ipsum.sodales@rhoncusProinnisl.org','Priscilla','Hess','6686163931','Kannada',30010),(10089,'luctus@turpisvitae.ca','Joseph','Diaz','9436770658','Bhojpuri',30020),(10090,'Sed.malesuada@nisiMauris.org','Gabriel','Lucas','2729043278','Hindi',30012),(10091,'elit.Etiam@lorem.co.uk','Jonah','Alvarez','4071189384','Maghi',30005),(10092,'per.conubia@risusDonec.ca','Asher','Harrington','9821039274','Bhojpuri',30033),(10093,'Nam.porttitor.scelerisque@consequat.org','Jael','Randall','6292589922','Kannada',30018),(10094,'nibh.Aliquam@consequat.net','Mark','Maynard','0885112149','Malayalam',30030),(10095,'dolor@orciluctuset.com','Bryar','Anthony','4182648109','English',30005),(10096,'lorem.semper.auctor@magnaPraesent.edu','Damian','Mayo','1009350562','Kannada',30012),(10097,'ultrices@quisturpisvitae.net','Shafira','Alford','9018848927','Punjabi',30036),(10098,'eget@Praesentinterdum.co.uk','Latifah','Cannon','1137382929','Bhojpuri',30029),(10099,'pellentesque.massa.lobortis@nisiAeneaneget.net','Xyla','Guthrie','4810837865','Bengali',30011),(10100,'tortor@arcuvelquam.edu','Scott','Hammond','5502437514','Maghi',30014);
/*!40000 ALTER TABLE `csa` ENABLE KEYS */;
UNLOCK TABLES;

--
-- Table structure for table `plan_tc_mapping`
--

DROP TABLE IF EXISTS `plan_tc_mapping`;
/*!40101 SET @saved_cs_client     = @@character_set_client */;
/*!40101 SET character_set_client = utf8 */;
CREATE TABLE `plan_tc_mapping` (
  `pd_plan_id` bigint(20) NOT NULL,
  `tc_tc_id` bigint(20) NOT NULL,
  KEY `FK7mxlbgkwy093tcjf2h6ylm8b0` (`tc_tc_id`),
  KEY `FKn7jnn94i5487ccxi58nrws5wy` (`pd_plan_id`)
) ENGINE=MyISAM DEFAULT CHARSET=utf8;
/*!40101 SET character_set_client = @saved_cs_client */;

--
-- Dumping data for table `plan_tc_mapping`
--

LOCK TABLES `plan_tc_mapping` WRITE;
/*!40000 ALTER TABLE `plan_tc_mapping` DISABLE KEYS */;
INSERT INTO `plan_tc_mapping` VALUES (1001,101),(1001,101),(20006,30039),(20007,30037),(20011,30012),(20004,30022),(20013,30005),(20020,30024),(20014,30006),(20003,30025),(20014,30019),(20018,30015),(20001,30023),(20010,30035),(20010,30023),(20009,30041),(20003,30019),(20004,30039),(20004,30033),(20016,30034),(20001,30016),(20018,30028),(20006,30021),(20016,30028),(20002,30003),(20002,30002),(20015,30022),(20009,30038),(20009,30043),(20005,30005),(20013,30004),(20007,30034),(20018,30019),(20015,30042),(20005,30032),(20009,30005),(20002,30024),(20017,30019),(20013,30033),(20018,30011),(20006,30008),(20011,30029),(20002,30029),(20014,30030),(20007,30022),(20018,30039),(20020,30036),(20002,30019),(20013,30043),(20003,30020),(20011,30005),(20019,30009),(20018,30022),(20008,30023),(20017,30011),(20008,30021),(20011,30042),(20006,30020),(20005,30020),(20008,30035),(20018,30019),(20006,30040),(20010,30025),(20015,30004),(20006,30009),(20014,30022),(20016,30005),(20009,30013),(20013,30010),(20003,30039),(20012,30020),(20008,30022),(20016,30015),(20010,30036),(20004,30041),(20004,30019),(20018,30005),(20004,30028),(20019,30018),(20008,30012),(20017,30016),(20017,30007),(20015,30019),(20010,30033),(20002,30005),(20018,30010),(20007,30025),(20007,30032),(20020,30003),(20017,30013),(20017,30003),(20002,30042),(20020,30023),(20019,30015),(20014,30012),(20009,30042),(20019,30006),(20016,30040),(20017,30013),(20010,30030),(20007,30039),(20014,30010),(20005,30002),(20005,30023),(20014,30039),(20016,30029),(20019,30005),(20019,30006),(20018,30032),(20017,30022),(20012,30038),(20014,30031),(20012,30006),(20007,30030),(20006,30035),(20020,30007),(20013,30008),(20004,30001),(20003,30001),(20012,30004),(20005,30029),(20017,30008),(20020,30020),(20020,30009),(20011,30027),(20019,30021),(20009,30026),(20019,30026),(20013,30032),(20004,30025),(20013,30020),(20011,30028),(20013,30017),(20006,30030),(20011,30021),(20007,30021),(20011,30015),(20017,30015),(20007,30013),(20020,30017),(20007,30019),(20004,30027),(20004,30028),(20002,30029),(20013,30003),(20012,30041),(20002,30041),(20006,30023),(20005,30021),(20010,30038),(20015,30031),(20016,30038),(20013,30016),(20013,30021),(20019,30002),(20002,30031),(20009,30027),(20004,30015),(20006,30028),(20005,30015),(20013,30041),(20012,30039),(20014,30001),(20002,30013),(20018,30008),(20018,30004),(20007,30016),(20019,30005),(20002,30023),(20001,30001),(20001,30003),(20018,30040),(20017,30004),(20004,30005),(20018,30019),(20009,30027),(20010,30027),(20006,30016),(20018,30001),(20014,30037),(20016,30041),(20003,30026),(20010,30014),(20011,30003),(20007,30037),(20005,30041),(20009,30010),(20016,30019),(20007,30043),(20005,30016),(20018,30040),(20004,30029),(20009,30001),(20013,30024),(20011,30030),(20011,30025),(20015,30033),(20008,30038),(20004,30028),(20016,30008),(20010,30043),(20006,30015),(20004,30021),(20003,30043),(20017,30026),(20001,30024),(20010,30033),(20015,30021),(20017,30001),(20006,30016),(20005,30035),(20007,30013),(20013,30038),(20006,30007),(20005,30016),(20001,30037),(20004,30005),(20019,30031),(20020,30003),(20013,30043),(20003,30006),(20008,30028),(20002,30014),(20004,30035),(20012,30040),(20008,30012),(20015,30039),(20017,30009),(20015,30020),(20018,30029),(20006,30034),(20010,30027),(20007,30019),(20017,30009),(20006,30039),(20016,30014),(20010,30037),(20018,30023),(20008,30001),(20003,30026),(20018,30015),(20013,30043),(20016,30025),(20020,30037),(20017,30040),(20007,30010),(20008,30005),(20013,30001),(20012,30028),(20009,30013),(20001,30019),(20006,30018),(20019,30038),(20006,30026),(20014,30036),(20002,30041),(20002,30003),(20011,30008),(20001,30026),(20008,30023),(20005,30007),(20018,30024),(20014,30013),(20001,30006),(20013,30012),(20015,30041),(20011,30042),(20020,30016),(20019,30038),(20015,30006),(20010,30032),(20010,30009),(20010,30010),(20018,30015),(20008,30005),(20015,30034),(20002,30019),(20002,30008),(20010,30015),(20013,30013),(20011,30020),(20018,30003),(20019,30034),(20015,30043),(20012,30042),(20019,30038),(20020,30039),(20005,30024),(20019,30031),(20020,30022),(20020,30017),(20017,30022),(20006,30029),(20018,30033),(20018,30032),(20010,30017),(20016,30018),(20003,30041),(20011,30007),(20017,30002),(20002,30031),(20002,30012),(20012,30015),(20002,30039),(20003,30020),(20003,30008),(20011,30037),(20004,30011),(20003,30022),(20002,30002),(20007,30012),(20007,30038),(20011,30034),(20008,30036),(20003,30009),(20006,30033),(20012,30035),(20016,30006),(20005,30025),(20020,30013),(20020,30016),(20010,30035),(20005,30026),(20003,30018),(20015,30012),(20005,30014),(20015,30008),(20010,30009),(20012,30003),(20004,30033),(20008,30002),(20015,30041),(20004,30021),(20020,30026),(20011,30007),(20019,30017),(20003,30036),(20019,30041),(20005,30009),(20001,30038),(20002,30020),(20015,30025),(20013,30038),(20002,30011),(20004,30004),(20014,30041),(20002,30032),(20015,30033),(20014,30020),(20005,30023),(20004,30038),(20012,30026),(20002,30040),(20018,30004),(20009,30001),(20014,30037),(20004,30022),(20009,30007),(20001,30012),(20001,30009),(20013,30020),(20001,30010),(20014,30023),(20005,30038),(20012,30019),(20015,30022),(20004,30016),(20008,30041),(20014,30035),(20014,30016),(20015,30022),(20007,30033),(20004,30036),(20002,30012),(20010,30009),(20012,30033),(20008,30021),(20009,30025),(20001,30007),(20009,30029),(20014,30040),(20006,30015),(20009,30010),(20011,30028),(20007,30018),(20010,30033),(20015,30007),(20010,30011),(20018,30041),(20015,30018),(20019,30022),(20019,30009),(20005,30004),(20020,30032),(20005,30017),(20019,30008),(20008,30038),(20013,30027),(20008,30009),(20008,30033),(20020,30039),(20009,30005),(20007,30028),(20019,30003),(20010,30008),(20018,30036),(20016,30022),(20019,30039),(20014,30016),(20010,30008),(20012,30003),(20015,30009),(20012,30024),(20010,30042),(20007,30034),(20017,30037),(20020,30014),(20004,30035),(20012,30037),(20018,30005),(20010,30035),(20008,30001),(20005,30025),(20019,30024),(20011,30019),(20002,30027),(20001,30005),(20019,30039),(20001,30018),(20002,30026),(20003,30015),(20009,30033),(20001,30043),(20017,30022),(20010,30034),(20010,30005),(20008,30032),(20017,30025),(20010,30013),(20013,30043),(20007,30041),(20006,30017),(20009,30037),(20010,30019),(20009,30040),(20019,30025),(20001,30019),(20002,30042),(20016,30010),(20004,30014),(20008,30040),(20001,30028),(20009,30019),(20017,30025),(20014,30031),(20020,30007),(20009,30016),(20014,30003),(20016,30031),(20014,30037),(20014,30036),(20019,30017),(20016,30006),(20005,30030),(20011,30011),(20017,30023),(20020,30024),(20017,30004),(20005,30024),(20009,30043),(20010,30024),(20001,30036),(20003,30030),(20018,30011),(20019,30026),(20006,30008),(20020,30017),(20016,30018),(20001,30030),(20003,30010),(20019,30023),(20010,30012),(20010,30022),(20017,30027),(20020,30025),(20009,30019),(20003,30037),(20017,30027),(20013,30002),(20020,30043),(20017,30020),(20007,30040),(20004,30001),(20018,30033),(20001,30018),(20007,30041),(20014,30030),(20015,30024),(20013,30034),(20012,30035),(20009,30035),(20019,30042),(20021,30023),(20022,30023);
/*!40000 ALTER TABLE `plan_tc_mapping` ENABLE KEYS */;
UNLOCK TABLES;

--
-- Table structure for table `plandetails`
--

DROP TABLE IF EXISTS `plandetails`;
/*!40101 SET @saved_cs_client     = @@character_set_client */;
/*!40101 SET character_set_client = utf8 */;
CREATE TABLE `plandetails` (
  `plan_id` bigint(20) NOT NULL AUTO_INCREMENT,
  `plan_name` varchar(255) DEFAULT NULL,
  `plan_price` double NOT NULL,
  `plan_type` varchar(255) DEFAULT NULL,
  `plan_validity` varchar(255) DEFAULT NULL,
  PRIMARY KEY (`plan_id`)
) ENGINE=MyISAM AUTO_INCREMENT=20023 DEFAULT CHARSET=utf8;
/*!40101 SET character_set_client = @saved_cs_client */;

--
-- Dumping data for table `plandetails`
--

LOCK TABLES `plandetails` WRITE;
/*!40000 ALTER TABLE `plandetails` DISABLE KEYS */;
INSERT INTO `plandetails` VALUES (20001,'R299',299,'Prepaid','28 days'),(20002,'R150',150,'Prepaid','21 days'),(20003,'R399',399,'Prepaid','54 days'),(20004,'R599',599,'Postpaid','60 days'),(20005,'R999',999,'Postpaid','84 days'),(20006,'D199',199,'Prepaid','28 days'),(20007,'D150',150,'Prepaid','21 days'),(20008,'D399',399,'Prepaid','54 days'),(20009,'D599',599,'Postpaid','60 days'),(20010,'D999',999,'Postpaid','84 days'),(20011,'T299',299,'Prepaid','28 days'),(20012,'T150',150,'Prepaid','21 days'),(20013,'T399',399,'Prepaid','54 days'),(20014,'T599',599,'Postpaid','60 days'),(20015,'T999',999,'Postpaid','84 days'),(20016,'M20',20,'Prepaid','28 days'),(20017,'M50',50,'Postpaid','54 days'),(20018,'M100',100,'Prepaid','84 days'),(20019,'S999',999,'Prepaid','168 days'),(20020,'S1699',1699,'Prepaid','252 days'),(20021,'R299',299,'Prepaid','28 days'),(20022,'R299',299,'Prepaid','28 days');
/*!40000 ALTER TABLE `plandetails` ENABLE KEYS */;
UNLOCK TABLES;

--
-- Table structure for table `telecomcircle`
--

DROP TABLE IF EXISTS `telecomcircle`;
/*!40101 SET @saved_cs_client     = @@character_set_client */;
/*!40101 SET character_set_client = utf8 */;
CREATE TABLE `telecomcircle` (
  `tc_id` bigint(20) NOT NULL AUTO_INCREMENT,
  `city` varchar(255) DEFAULT NULL,
  `district` varchar(255) DEFAULT NULL,
  `primary_lang` varchar(255) DEFAULT NULL,
  `state` varchar(255) DEFAULT NULL,
  PRIMARY KEY (`tc_id`)
) ENGINE=MyISAM AUTO_INCREMENT=30044 DEFAULT CHARSET=utf8;
/*!40101 SET character_set_client = @saved_cs_client */;

--
-- Dumping data for table `telecomcircle`
--

LOCK TABLES `telecomcircle` WRITE;
/*!40000 ALTER TABLE `telecomcircle` DISABLE KEYS */;
INSERT INTO `telecomcircle` VALUES (30001,'Chennai','Chennai','Tamil','Tamil Nadu\r'),(30002,'Trichy','Trichy','Tamil','Tamil Nadu\r'),(30003,'Madurai','Madurai','Tamil','Tamil Nadu\r'),(30004,'Coimbatore ','Coimbatore ','Tamil','Tamil Nadu\r'),(30005,'Kanyakumari','Kanyakumari','Tamil','Tamil Nadu\r'),(30006,'Cochin','Cochin','Malayalam','Kerala\r'),(30007,'Calicut','Calicut','Malayalam','Kerala\r'),(30008,'Palakkad','Palakkad','Malayalam','Kerala\r'),(30009,'Trivandrum','Trivandrum','Malayalam','Kerala\r'),(30010,'Alapuzha','Alapuzha','Malayalam','Kerala\r'),(30011,'Lucknow','Lucknow','Hindi','Uttar Pradesh\r'),(30012,'Kanpur','Kanpur','Hindi','Uttar Pradesh\r'),(30013,'Prayagraj','Prayagraj','Hindi','Uttar Pradesh\r'),(30014,'Gurugram','Gurugram','Hindi','Uttar Pradesh\r'),(30015,'Gorakhpur','Gorakhpur','Hindi','Uttar Pradesh\r'),(30016,'Mumbai','Mumbai','Marathi','Maharashtra\r'),(30017,'Nasik','Nasik','Marathi','Maharashtra\r'),(30018,'Nagpur','Nagpur','Marathi','Maharashtra\r'),(30019,'Pune','Pune','Marathi','Maharashtra\r'),(30020,'Solapur','Solapur','Marathi','Maharashtra\r'),(30021,'Bangalore','Bangalore','Kannada','Karnataka\r'),(30022,'Mysore','Mysore','Kannada','Karnataka\r'),(30023,'Raichur','Raichur','Kannada','Karnataka\r'),(30024,'Bellary','Bellary','Kannada','Karnataka\r'),(30025,'Hubli','Hubli','Kannada','Karnataka\r'),(30026,'Patna','Patna','Bhojpuri','Bihar\r'),(30027,'Gaya','Gaya','Bhojpuri','Bihar\r'),(30028,'Nalanda','Nalanda','Bhojpuri','Bihar\r'),(30029,'Ranchi','Ranchi','Maghi','Jharkhand\r'),(30030,'Bokaro','Bokaro','Maghi','Jharkhand\r'),(30031,'Wasseypur','Wasseypur','Maghi','Jharkhand\r'),(30032,'Chandigarh','Chandigarh','Punjabi','Punjab\r'),(30033,'Ludhiana','Ludhiana','Punjabi','Punjab\r'),(30034,'Amritsar','Amritsar','Punjabi','Punjab\r'),(30035,'Jalandhar','Jalandhar','Punjabi','Punjab\r'),(30036,'Patiala','Patiala','Punjabi','Punjab\r'),(30037,'Kolkata','Kolkata','Bengali','West Bengal\r'),(30038,'Siliguri','Siliguri','Bengali','West Bengal\r'),(30039,'Durgapur','Durgapur','Bengali','West Bengal\r'),(30040,'Asansol','Asansol','Bengali','West Bengal\r'),(30041,'Haldia','Haldia','Bengali','West Bengal\r'),(30042,'Delhi','Delhi','Hindi','Delhi\r'),(30043,'New Delhi','New Delhi','English','Delhi\r');
/*!40000 ALTER TABLE `telecomcircle` ENABLE KEYS */;
UNLOCK TABLES;

--
-- Table structure for table `tickets`
--

DROP TABLE IF EXISTS `tickets`;
/*!40101 SET @saved_cs_client     = @@character_set_client */;
/*!40101 SET character_set_client = utf8 */;
CREATE TABLE `tickets` (
  `ticket_id` bigint(20) NOT NULL AUTO_INCREMENT,
  `content` varchar(255) DEFAULT NULL,
  `raised_date` date DEFAULT NULL,
  `resolved_date` date DEFAULT NULL,
  `status` varchar(255) DEFAULT NULL,
  `ticket_type` varchar(255) DEFAULT NULL,
  `user_id` bigint(20) NOT NULL,
  PRIMARY KEY (`ticket_id`),
  KEY `FKibwnxyawjl0bdr2f76b0mycf8` (`user_id`)
) ENGINE=MyISAM AUTO_INCREMENT=50501 DEFAULT CHARSET=utf8;
/*!40101 SET character_set_client = @saved_cs_client */;

--
-- Dumping data for table `tickets`
--

LOCK TABLES `tickets` WRITE;
/*!40000 ALTER TABLE `tickets` DISABLE KEYS */;
INSERT INTO `tickets` VALUES (50001,'Getting a lot of cross talks','2017-11-22',NULL,'Open','Service',59),(50002,'Receiving a lot of spam messages','2017-07-21',NULL,'Open','Service',177),(50003,'Calls aren\'t getting connected','2017-05-21',NULL,'Open','Service',179),(50004,'Receiving a lot of spam messages','2017-11-23',NULL,'Open','Service',222),(50005,'Data speed is too low at indoors','2017-09-09',NULL,'Open','Service',161),(50006,'CSA was very bad in service','2017-09-12',NULL,'Open','Service',40),(50007,'Receiving a lot of spam messages','2017-03-04',NULL,'Open','Service',163),(50008,'Data speed is too low at indoors','2017-04-19',NULL,'Open','Service',229),(50009,'Messages aren\'t getting users','2017-10-21','2017-12-30','Closed','Service',216),(50010,'Mobile Data not working','2017-04-22','2017-11-13','Closed','Service',175),(50011,'Messages aren\'t getting users','2017-03-20','2017-07-29','Closed','Service',198),(50012,'Getting a lot of call drops','2017-08-21','2017-08-27','Closed','Service',237),(50013,'Data speed is too low','2017-07-23',NULL,'Open','Service',8),(50014,'Cannot connect to Customer Care','2017-05-01',NULL,'Open','Service',217),(50015,'Data speed is too low at indoors','2017-10-28',NULL,'Open','Service',235),(50016,'Cannot connect to Customer Care','2017-02-09',NULL,'Open','Service',51),(50017,'Receiving a lot of spam messages','2017-06-10','2017-08-29','Closed','Service',166),(50018,'Data speed is too low','2017-11-10',NULL,'Open','Service',132),(50019,'Cannot connect to Customer Care','2017-04-25',NULL,'Open','Service',219),(50020,'CSA was very bad in service','2017-09-02',NULL,'Open','Service',207),(50021,'Receiving a lot of spam messages','2017-08-09',NULL,'Open','Service',227),(50022,'Data speed is too low','2017-12-23','2017-12-26','Closed','Service',137),(50023,'Messages aren\'t getting users','2017-11-10','2017-12-07','Closed','Service',62),(50024,'Data speed is too low at indoors','2017-07-01',NULL,'Open','Service',170),(50025,'Messages aren\'t getting users','2017-12-10',NULL,'Open','Service',73),(50026,'Getting a lot of unwanted calls','2017-03-02',NULL,'Open','Service',4),(50027,'Receiving a lot of spam messages','2017-08-01','2017-11-17','Closed','Service',145),(50028,'Recharge amount hasn\'t been updated','2017-03-02',NULL,'Open','Service',166),(50029,'Getting a lot of call drops','2017-07-12',NULL,'Open','Service',178),(50030,'Cannot connect to Customer Care','2017-03-17','2017-08-04','Closed','Service',180),(50031,'Receiving a lot of spam messages','2017-07-23',NULL,'Open','Service',60),(50032,'Messages aren\'t getting users','2017-03-01',NULL,'Open','Service',66),(50033,'Calls aren\'t getting connected','2017-09-04',NULL,'Open','Service',161),(50034,'Getting a lot of call drops','2017-05-08',NULL,'Open','Service',130),(50035,'Data speed is too low','2017-10-20','2017-11-13','Closed','Service',115),(50036,'Mobile Data not working','2017-10-11','2017-11-09','Closed','Service',32),(50037,'Receiving a lot of spam messages','2017-01-13','2017-06-06','Closed','Service',159),(50038,'Mobile Data not working','2017-05-14','2017-10-13','Closed','Service',72),(50039,'Getting a lot of unwanted calls','2017-10-05',NULL,'Open','Service',199),(50040,'Getting a lot of call drops','2017-03-15','2017-08-11','Closed','Service',85),(50041,'CSA was very bad in service','2017-03-28',NULL,'Open','Service',160),(50042,'Data speed is too low at indoors','2017-06-25',NULL,'Open','Service',136),(50043,'Data speed is too low','2017-09-17','2017-09-28','Closed','Service',157),(50044,'Data speed is too low','2017-09-05','2017-09-22','Closed','Service',61),(50045,'Getting a lot of cross talks','2017-05-02',NULL,'Open','Service',131),(50046,'Cannot connect to Customer Care','2017-12-29','2017-12-29','Closed','Service',10),(50047,'Data speed is too low at indoors','2017-12-12',NULL,'Open','Service',82),(50048,'Data speed is too low at indoors','2017-11-28',NULL,'Open','Service',220),(50049,'Getting a lot of call drops','2017-07-04','2017-08-25','Closed','Service',154),(50050,'Getting a lot of call drops','2017-10-30','2017-11-27','Closed','Service',47),(50051,'Receiving a lot of spam messages','2017-07-25','2017-08-08','Closed','Service',52),(50052,'Getting a lot of unwanted calls','2017-03-12',NULL,'Open','Service',184),(50053,'Receiving a lot of spam messages','2017-02-09','2017-05-15','Closed','Service',7),(50054,'Data speed is too low at indoors','2017-05-19',NULL,'Open','Service',189),(50055,'Getting a lot of call drops','2017-10-09',NULL,'Open','Service',235),(50056,'Mobile Data not working','2017-11-06','2017-11-14','Closed','Service',38),(50057,'Data speed is too low','2017-02-12',NULL,'Open','Service',26),(50058,'Data speed is too low','2017-12-02',NULL,'Open','Service',131),(50059,'Messages aren\'t getting users','2017-04-30',NULL,'Open','Service',54),(50060,'Data speed is too low at indoors','2017-02-26',NULL,'Open','Service',24),(50061,'Cannot connect to Customer Care','2017-04-10',NULL,'Open','Service',71),(50062,'Cannot connect to Customer Care','2017-01-17',NULL,'Open','Service',153),(50063,'Receiving a lot of spam messages','2017-11-05','2017-11-21','Closed','Service',47),(50064,'CSA was very bad in service','2017-05-17','2017-11-22','Closed','Service',218),(50065,'Mobile Data not working','2017-03-07',NULL,'Open','Service',213),(50066,'Mobile Data not working','2017-06-11',NULL,'Open','Service',146),(50067,'Recharge amount hasn\'t been updated','2017-07-12','2017-11-06','Closed','Service',199),(50068,'Data speed is too low at indoors','2017-01-05','2017-10-18','Closed','Service',76),(50069,'Data speed is too low','2017-09-13',NULL,'Open','Service',138),(50070,'Getting a lot of call drops','2017-04-15',NULL,'Open','Service',47),(50071,'Cannot connect to Customer Care','2017-10-18','2017-11-14','Closed','Service',154),(50072,'Mobile Data not working','2017-11-26',NULL,'Open','Service',17),(50073,'Messages aren\'t getting users','2017-03-19','2017-12-07','Closed','Service',145),(50074,'Recharge amount hasn\'t been updated','2017-12-10',NULL,'Open','Service',156),(50075,'Data speed is too low','2017-12-17',NULL,'Open','Service',147),(50076,'Getting a lot of unwanted calls','2017-01-25',NULL,'Open','Service',113),(50077,'Mobile Data not working','2017-12-17',NULL,'Open','Service',225),(50078,'Data speed is too low at indoors','2017-06-12',NULL,'Open','Service',83),(50079,'Messages aren\'t getting users','2017-11-02',NULL,'Open','Service',186),(50080,'Receiving a lot of spam messages','2017-05-31',NULL,'Open','Service',215),(50081,'Data speed is too low','2017-11-09','2017-11-28','Closed','Service',96),(50082,'Cannot connect to Customer Care','2017-04-17',NULL,'Open','Service',112),(50083,'CSA was very bad in service','2017-11-04',NULL,'Open','Service',42),(50084,'Messages aren\'t getting users','2017-12-07',NULL,'Open','Service',86),(50085,'Messages aren\'t getting users','2017-02-10','2017-02-28','Closed','Service',106),(50086,'Getting a lot of call drops','2017-09-14','2017-11-20','Closed','Service',172),(50087,'Data speed is too low','2017-08-05','2017-11-24','Closed','Service',49),(50088,'Receiving a lot of spam messages','2017-02-22','2017-08-19','Closed','Service',173),(50089,'Data speed is too low at indoors','2017-05-26',NULL,'Open','Service',130),(50090,'Calls aren\'t getting connected','2017-02-06','2017-02-12','Closed','Service',45),(50091,'Data speed is too low','2017-01-25','2017-12-16','Closed','Service',146),(50092,'Mobile Data not working','2017-07-07',NULL,'Open','Service',244),(50093,'Data speed is too low at indoors','2017-12-10',NULL,'Open','Service',14),(50094,'Data speed is too low at indoors','2017-09-17','2017-11-29','Closed','Service',52),(50095,'Getting a lot of call drops','2017-04-26',NULL,'Open','Service',33),(50096,'Cannot connect to Customer Care','2017-10-22',NULL,'Open','Service',116),(50097,'Cannot connect to Customer Care','2017-07-01','2017-12-24','Closed','Service',147),(50098,'Cannot connect to Customer Care','2017-03-23',NULL,'Open','Service',119),(50099,'Calls aren\'t getting connected','2017-09-06','0000-00-00','Closed','Service',154),(50100,'Cannot connect to Customer Care','2017-10-01',NULL,'Open','Service',36),(50101,'Getting a lot of unwanted calls','2017-07-13','2017-11-25','Closed','Service',225),(50102,'Recharge amount hasn\'t been updated','2017-09-27',NULL,'Open','Service',70),(50103,'Data speed is too low at indoors','2017-08-28',NULL,'Open','Service',6),(50104,'Mobile Data not working','2017-06-15',NULL,'Open','Service',225),(50105,'Messages aren\'t getting users','2017-06-22',NULL,'Open','Service',170),(50106,'Messages aren\'t getting users','2017-04-20',NULL,'Open','Service',102),(50107,'Getting a lot of cross talks','2017-04-27',NULL,'Open','Service',118),(50108,'Messages aren\'t getting users','2017-12-18',NULL,'Open','Service',20),(50109,'Calls aren\'t getting connected','2017-11-27','2017-12-14','Closed','Service',127),(50110,'Data speed is too low at indoors','2017-12-07',NULL,'Open','Service',151),(50111,'Getting a lot of cross talks','2017-10-29',NULL,'Open','Service',76),(50112,'Data speed is too low at indoors','2017-02-26',NULL,'Open','Service',232),(50113,'Receiving a lot of spam messages','2017-12-28',NULL,'Open','Service',170),(50114,'Calls aren\'t getting connected','2017-12-03',NULL,'Open','Service',37),(50115,'Data speed is too low at indoors','2017-08-05','2017-10-31','Closed','Service',169),(50116,'Recharge amount hasn\'t been updated','2017-11-15',NULL,'Open','Service',123),(50117,'Getting a lot of call drops','2017-07-14',NULL,'Open','Service',244),(50118,'Getting a lot of cross talks','2017-07-31',NULL,'Open','Service',8),(50119,'Getting a lot of call drops','2017-04-22','2017-07-05','Closed','Service',9),(50120,'Getting a lot of unwanted calls','2017-10-13',NULL,'Open','Service',22),(50121,'Cannot connect to Customer Care','2017-07-07','2017-08-09','Closed','Service',173),(50122,'Cannot connect to Customer Care','2017-12-03',NULL,'Open','Service',186),(50123,'Receiving a lot of spam messages','2017-06-03','2017-06-16','Closed','Service',71),(50124,'Getting a lot of cross talks','2017-09-20',NULL,'Open','Service',21),(50125,'Recharge amount hasn\'t been updated','2017-12-24',NULL,'Open','Service',236),(50126,'Getting a lot of call drops','2017-01-02',NULL,'Open','Service',61),(50127,'Getting a lot of call drops','2017-09-09',NULL,'Open','Service',1),(50128,'Messages aren\'t getting users','2017-10-23',NULL,'Open','Service',66),(50129,'Receiving a lot of spam messages','2017-07-14',NULL,'Open','Service',47),(50130,'CSA was very bad in service','2017-03-06','2017-12-22','Closed','Service',128),(50131,'Calls aren\'t getting connected','2017-10-18',NULL,'Open','Service',118),(50132,'Data speed is too low','2017-11-24',NULL,'Open','Service',40),(50133,'Mobile Data not working','2017-01-28','2017-02-12','Closed','Service',124),(50134,'Messages aren\'t getting users','2017-02-16','2017-11-11','Closed','Service',183),(50135,'Mobile Data not working','2017-03-17','2017-07-29','Closed','Service',53),(50136,'Data speed is too low','2017-10-13',NULL,'Open','Service',139),(50137,'CSA was very bad in service','2017-07-27','2017-11-06','Closed','Service',15),(50138,'Data speed is too low','2017-10-28','2017-11-07','Closed','Service',192),(50139,'Receiving a lot of spam messages','2017-10-26','2017-11-28','Closed','Service',145),(50140,'Receiving a lot of spam messages','2017-10-15',NULL,'Open','Service',74),(50141,'Recharge amount hasn\'t been updated','2017-10-21',NULL,'Open','Service',20),(50142,'Receiving a lot of spam messages','2017-02-15',NULL,'Open','Service',238),(50143,'Cannot connect to Customer Care','2017-01-23','2017-11-23','Closed','Service',216),(50144,'Recharge amount hasn\'t been updated','2017-01-16','2017-04-14','Closed','Service',2),(50145,'Getting a lot of unwanted calls','2017-07-29',NULL,'Open','Service',115),(50146,'CSA was very bad in service','2017-03-10','2017-05-25','Closed','Service',184),(50147,'Getting a lot of cross talks','2017-07-18','2017-10-10','Closed','Service',231),(50148,'Data speed is too low','2017-03-04',NULL,'Open','Service',196),(50149,'Getting a lot of unwanted calls','2017-06-05','2017-09-27','Closed','Service',235),(50150,'Getting a lot of unwanted calls','2017-12-22','2017-12-23','Closed','Service',5),(50151,'Getting a lot of cross talks','2017-05-01',NULL,'Open','Service',32),(50152,'Calls aren\'t getting connected','2017-04-04',NULL,'Open','Service',4),(50153,'CSA was very bad in service','2017-01-05',NULL,'Open','Service',155),(50154,'Calls aren\'t getting connected','2017-08-19',NULL,'Open','Service',117),(50155,'Mobile Data not working','2017-07-08',NULL,'Open','Service',111),(50156,'Data speed is too low','2017-09-04','2017-11-23','Closed','Service',10),(50157,'Recharge amount hasn\'t been updated','2017-06-08',NULL,'Open','Service',30),(50158,'Cannot connect to Customer Care','2017-06-08','2017-09-17','Closed','Service',149),(50159,'Getting a lot of call drops','2017-02-15','2017-08-27','Closed','Service',157),(50160,'Messages aren\'t getting users','2017-10-18','2017-11-24','Closed','Service',72),(50161,'Getting a lot of call drops','2017-12-01','2017-12-11','Closed','Service',133),(50162,'Getting a lot of call drops','2017-11-06',NULL,'Open','Service',21),(50163,'Cannot connect to Customer Care','2017-05-13','2017-09-16','Closed','Service',146),(50164,'CSA was very bad in service','2017-10-21','2017-12-08','Closed','Service',36),(50165,'Messages aren\'t getting users','2017-12-17',NULL,'Open','Service',213),(50166,'Getting a lot of call drops','2017-05-04','2017-10-06','Closed','Service',191),(50167,'Data speed is too low','2017-09-28','2017-11-20','Closed','Service',140),(50168,'Messages aren\'t getting users','2017-05-01','2017-09-13','Closed','Service',31),(50169,'CSA was very bad in service','2017-12-03','2017-12-18','Closed','Service',61),(50170,'Data speed is too low at indoors','2017-12-03','2017-12-29','Closed','Service',191),(50171,'Data speed is too low','2017-12-23','2017-12-24','Closed','Service',130),(50172,'Recharge amount hasn\'t been updated','2017-02-10','2017-02-15','Closed','Service',99),(50173,'Getting a lot of call drops','2017-11-23','2017-11-30','Closed','Service',205),(50174,'Data speed is too low at indoors','2017-02-06','2017-08-31','Closed','Service',11),(50175,'Getting a lot of call drops','2017-06-02','2017-11-12','Closed','Service',242),(50176,'Mobile Data not working','2017-12-25','2017-12-27','Closed','Service',177),(50177,'CSA was very bad in service','2017-10-17',NULL,'Open','Service',217),(50178,'Mobile Data not working','2017-09-06',NULL,'Open','Service',53),(50179,'Recharge amount hasn\'t been updated','2017-09-21','2017-11-15','Closed','Service',243),(50180,'Getting a lot of cross talks','2017-02-24',NULL,'Open','Service',67),(50181,'Getting a lot of cross talks','2017-11-13','2017-11-30','Closed','Service',50),(50182,'Receiving a lot of spam messages','2017-10-25','2017-12-07','Closed','Service',232),(50183,'Getting a lot of unwanted calls','2017-11-12',NULL,'Open','Service',125),(50184,'Recharge amount hasn\'t been updated','2017-10-24','2017-11-23','Closed','Service',119),(50185,'Getting a lot of cross talks','2017-03-08',NULL,'Open','Service',236),(50186,'Receiving a lot of spam messages','2017-11-19','2017-12-26','Closed','Service',97),(50187,'Getting a lot of unwanted calls','2017-02-01','2017-02-03','Closed','Service',154),(50188,'Receiving a lot of spam messages','2017-05-15',NULL,'Open','Service',83),(50189,'Data speed is too low at indoors','2017-05-24',NULL,'Open','Service',21),(50190,'Getting a lot of call drops','2017-10-30',NULL,'Open','Service',193),(50191,'Getting a lot of unwanted calls','2017-09-05',NULL,'Open','Service',219),(50192,'Data speed is too low at indoors','2017-09-22','2017-11-09','Closed','Service',90),(50193,'CSA was very bad in service','2017-02-15','2017-09-12','Closed','Service',132),(50194,'Calls aren\'t getting connected','2017-10-02',NULL,'Open','Service',8),(50195,'Data speed is too low at indoors','2017-06-24','2017-09-01','Closed','Service',148),(50196,'Getting a lot of unwanted calls','2017-05-14','2017-08-10','Closed','Service',168),(50197,'Getting a lot of call drops','2017-08-14','2017-08-29','Closed','Service',3),(50198,'Recharge amount hasn\'t been updated','2017-11-15','2017-11-17','Closed','Service',222),(50199,'Getting a lot of call drops','2017-09-25','2017-11-26','Closed','Service',42),(50200,'Data speed is too low','2017-09-04','2017-11-16','Closed','Service',59),(50201,'Receiving a lot of spam messages','2017-02-26','2017-11-20','Closed','Service',84),(50202,'Mobile Data not working','2017-11-04','2017-11-16','Closed','Service',230),(50203,'Getting a lot of cross talks','2017-08-17','2017-10-02','Closed','Service',156),(50204,'Messages aren\'t getting users','2017-12-24','2017-12-26','Closed','Service',198),(50205,'Recharge amount hasn\'t been updated','2017-05-12',NULL,'Open','Service',137),(50206,'Cannot connect to Customer Care','2017-03-28',NULL,'Open','Service',208),(50207,'CSA was very bad in service','2017-12-09',NULL,'Open','Service',170),(50208,'Cannot connect to Customer Care','2017-01-10',NULL,'Open','Service',65),(50209,'Mobile Data not working','2017-06-08',NULL,'Open','Service',36),(50210,'Getting a lot of unwanted calls','2017-07-17',NULL,'Open','Service',18),(50211,'Getting a lot of cross talks','2017-08-24',NULL,'Open','Service',231),(50212,'Recharge amount hasn\'t been updated','2017-05-15',NULL,'Open','Service',24),(50213,'Calls aren\'t getting connected','2017-09-15','2017-10-28','Closed','Service',84),(50214,'Getting a lot of cross talks','2017-07-11','2017-12-03','Closed','Service',6),(50215,'Mobile Data not working','2017-12-11','2017-12-27','Closed','Service',113),(50216,'Recharge amount hasn\'t been updated','2017-01-29','2017-02-19','Closed','Service',221),(50217,'Receiving a lot of spam messages','2017-01-11','2017-09-03','Closed','Service',110),(50218,'Getting a lot of cross talks','2017-08-23',NULL,'Open','Service',107),(50219,'Getting a lot of cross talks','2017-12-20',NULL,'Open','Service',187),(50220,'Recharge amount hasn\'t been updated','2017-10-25','2017-12-29','Closed','Service',194),(50221,'CSA was very bad in service','2017-05-05','2018-01-28','Closed','Service',106),(50222,'Data speed is too low at indoors','2017-07-14',NULL,'Open','Service',54),(50223,'Recharge amount hasn\'t been updated','2017-08-13',NULL,'Open','Service',237),(50224,'Receiving a lot of spam messages','2017-01-05',NULL,'Open','Service',250),(50225,'Data speed is too low','2017-01-12',NULL,'Open','Service',157),(50226,'Messages aren\'t getting users','2017-09-12','2017-10-08','Closed','Service',217),(50227,'Data speed is too low','2017-06-26','2017-07-25','Closed','Service',201),(50228,'Data speed is too low','2017-01-05','2017-08-27','Closed','Service',174),(50229,'Calls aren\'t getting connected','2017-09-24',NULL,'Open','Service',20),(50230,'Getting a lot of unwanted calls','2017-08-21','2017-09-02','Closed','Service',219),(50231,'Recharge amount hasn\'t been updated','2017-08-12','2017-11-12','Closed','Service',236),(50232,'Getting a lot of unwanted calls','2017-11-18','2017-12-24','Closed','Service',161),(50233,'Cannot connect to Customer Care','2017-10-30','2017-11-13','Closed','Service',73),(50234,'Cannot connect to Customer Care','2017-07-05','2017-12-13','Closed','Service',123),(50235,'Receiving a lot of spam messages','2017-10-12','2017-12-29','Closed','Service',32),(50236,'Getting a lot of call drops','2017-05-21','2017-06-06','Closed','Service',238),(50237,'Recharge amount hasn\'t been updated','2017-02-08','2017-06-15','Closed','Service',111),(50238,'Getting a lot of unwanted calls','2017-09-04','2017-11-18','Closed','Service',10),(50239,'Receiving a lot of spam messages','2017-11-17','2017-12-06','Closed','Service',3),(50240,'Getting a lot of unwanted calls','2017-05-27','2017-10-07','Closed','Service',163),(50241,'Mobile Data not working','2017-09-07',NULL,'Open','Service',75),(50242,'Data speed is too low','2017-11-25',NULL,'Open','Service',61),(50243,'Recharge amount hasn\'t been updated','2017-07-18',NULL,'Open','Service',121),(50244,'Getting a lot of unwanted calls','2017-11-13','2017-11-28','Closed','Service',187),(50245,'Data speed is too low','2017-10-07',NULL,'Open','Service',150),(50246,'Data speed is too low','2017-03-12','2017-10-15','Closed','Service',157),(50247,'Data speed is too low','2017-09-13','2017-09-23','Closed','Service',11),(50248,'Recharge amount hasn\'t been updated','2017-11-21',NULL,'Open','Service',37),(50249,'Messages aren\'t getting users','2017-01-05',NULL,'Open','Service',117),(50250,'Data speed is too low at indoors','2017-10-11','2017-12-28','Closed','Service',228),(50251,'Mobile Data not working','2017-12-06',NULL,'Open','Service',216),(50252,'Cannot connect to Customer Care','2017-09-06','2017-12-18','Closed','Service',130),(50253,'Cannot connect to Customer Care','2017-12-23',NULL,'Open','Service',48),(50254,'Receiving a lot of spam messages','2017-03-15','2017-04-03','Closed','Service',51),(50255,'Recharge amount hasn\'t been updated','2017-08-10','2017-09-13','Closed','Service',154),(50256,'CSA was very bad in service','2017-12-27','2018-01-02','Closed','Service',32),(50257,'Getting a lot of unwanted calls','2017-09-09',NULL,'Open','Service',186),(50258,'Cannot connect to Customer Care','2017-06-27','2018-01-09','Closed','Service',239),(50259,'Recharge amount hasn\'t been updated','2017-01-15','2017-05-27','Closed','Service',125),(50260,'Getting a lot of call drops','2017-09-23','2017-09-25','Closed','Service',186),(50261,'Data speed is too low at indoors','2017-11-13','2017-12-16','Closed','Service',216),(50262,'Recharge amount hasn\'t been updated','2017-09-30',NULL,'Open','Service',90),(50263,'Mobile Data not working','2017-10-02',NULL,'Open','Service',59),(50264,'Calls aren\'t getting connected','2017-08-21','2017-09-24','Closed','Service',173),(50265,'Calls aren\'t getting connected','2017-02-16',NULL,'Open','Service',80),(50266,'Recharge amount hasn\'t been updated','2017-02-01',NULL,'Open','Service',55),(50267,'Data speed is too low at indoors','2017-10-17','2017-11-03','Closed','Service',129),(50268,'Cannot connect to Customer Care','2017-07-27',NULL,'Open','Service',36),(50269,'Data speed is too low','2017-08-29',NULL,'Open','Service',123),(50270,'Receiving a lot of spam messages','2017-07-04','2017-09-13','Closed','Service',145),(50271,'Calls aren\'t getting connected','2017-03-29',NULL,'Open','Service',59),(50272,'Cannot connect to Customer Care','2017-06-29','2017-07-22','Closed','Service',37),(50273,'Recharge amount hasn\'t been updated','2017-08-02','2017-10-07','Closed','Service',232),(50274,'Cannot connect to Customer Care','2017-06-13','2017-07-04','Closed','Service',203),(50275,'Data speed is too low at indoors','2017-01-09',NULL,'Open','Service',141),(50276,'Data speed is too low at indoors','2017-11-03',NULL,'Open','Service',108),(50277,'Calls aren\'t getting connected','2017-04-04',NULL,'Open','Service',78),(50278,'Data speed is too low','2017-05-19',NULL,'Open','Service',108),(50279,'Getting a lot of call drops','2017-06-03',NULL,'Open','Service',76),(50280,'Messages aren\'t getting users','2017-06-12','2017-10-04','Closed','Service',229),(50281,'Messages aren\'t getting users','2017-06-30','2017-08-14','Closed','Service',204),(50282,'Data speed is too low at indoors','2017-07-20','2017-11-29','Closed','Service',229),(50283,'Receiving a lot of spam messages','2017-06-18','2017-07-01','Closed','Service',203),(50284,'Calls aren\'t getting connected','2017-09-01','2017-10-18','Closed','Service',13),(50285,'Recharge amount hasn\'t been updated','2017-06-07','2017-08-28','Closed','Service',70),(50286,'Getting a lot of cross talks','2017-01-26','2017-03-27','Closed','Service',61),(50287,'Receiving a lot of spam messages','2017-05-15',NULL,'Open','Service',221),(50288,'Recharge amount hasn\'t been updated','2017-11-08',NULL,'Open','Service',132),(50289,'Data speed is too low at indoors','2017-06-12',NULL,'Open','Service',108),(50290,'Recharge amount hasn\'t been updated','2017-09-27','2017-10-12','Closed','Service',120),(50291,'Calls aren\'t getting connected','2017-06-24','2017-06-25','Closed','Service',166),(50292,'Recharge amount hasn\'t been updated','2017-07-16','2018-01-31','Closed','Service',180),(50293,'Cannot connect to Customer Care','2017-03-10',NULL,'Open','Service',107),(50294,'Data speed is too low','2017-07-29',NULL,'Open','Service',94),(50295,'Calls aren\'t getting connected','2017-12-27',NULL,'Open','Service',132),(50296,'Messages aren\'t getting users','2017-02-12','2017-09-01','Closed','Service',142),(50297,'Calls aren\'t getting connected','2017-09-23','2017-12-08','Closed','Service',207),(50298,'Recharge amount hasn\'t been updated','2017-11-07',NULL,'Open','Service',221),(50299,'Data speed is too low at indoors','2017-11-08',NULL,'Open','Service',144),(50300,'Messages aren\'t getting users','2017-08-27',NULL,'Open','Service',68),(50301,'Calls aren\'t getting connected','2017-04-20','2017-04-27','Closed','Service',96),(50302,'Getting a lot of unwanted calls','2017-05-20',NULL,'Open','Service',134),(50303,'Getting a lot of call drops','2017-04-21','2017-10-15','Closed','Service',30),(50304,'CSA was very bad in service','2017-04-20','2017-05-15','Closed','Service',97),(50305,'Data speed is too low','2017-11-09','2017-12-02','Closed','Service',42),(50306,'Mobile Data not working','2017-06-01',NULL,'Open','Service',122),(50307,'Messages aren\'t getting users','2017-03-08','2017-04-23','Closed','Service',143),(50308,'Data speed is too low at indoors','2017-05-18','2017-10-17','Closed','Service',231),(50309,'Getting a lot of cross talks','2017-12-02','2017-12-25','Closed','Service',136),(50310,'Data speed is too low','2017-06-25',NULL,'Open','Service',191),(50311,'Getting a lot of call drops','2017-06-08','2017-07-16','Closed','Service',28),(50312,'Getting a lot of call drops','2017-11-26','2017-12-18','Closed','Service',90),(50313,'CSA was very bad in service','2017-11-17',NULL,'Open','Service',31),(50314,'Messages aren\'t getting users','2017-08-15','2017-09-29','Closed','Service',56),(50315,'Data speed is too low at indoors','2017-10-27','2017-12-17','Closed','Service',250),(50316,'Cannot connect to Customer Care','2017-12-29',NULL,'Open','Service',125),(50317,'Calls aren\'t getting connected','2017-11-02','2017-12-05','Closed','Service',105),(50318,'Receiving a lot of spam messages','2017-03-27','2017-10-30','Closed','Service',220),(50319,'Messages aren\'t getting users','2017-08-14','2017-10-22','Closed','Service',78),(50320,'Messages aren\'t getting users','2017-06-22',NULL,'Open','Service',109),(50321,'Recharge amount hasn\'t been updated','2017-08-02',NULL,'Open','Service',130),(50322,'Getting a lot of unwanted calls','2017-06-01',NULL,'Open','Service',213),(50323,'Recharge amount hasn\'t been updated','2017-06-28',NULL,'Open','Service',249),(50324,'Cannot connect to Customer Care','2017-07-08',NULL,'Open','Service',61),(50325,'Data speed is too low at indoors','2017-05-07','2017-05-20','Closed','Service',92),(50326,'Cannot connect to Customer Care','2017-02-11','2017-06-02','Closed','Service',4),(50327,'Cannot connect to Customer Care','2017-01-01','2017-10-21','Closed','Service',226),(50328,'Receiving a lot of spam messages','2017-11-22','2017-11-24','Closed','Service',162),(50329,'Cannot connect to Customer Care','2017-05-17','2017-11-07','Closed','Service',212),(50330,'Calls aren\'t getting connected','2017-02-06','2017-09-04','Closed','Service',35),(50331,'Getting a lot of call drops','2017-09-15','2017-11-04','Closed','Service',3),(50332,'Recharge amount hasn\'t been updated','2017-08-14','2017-09-30','Closed','Service',8),(50333,'Getting a lot of unwanted calls','2017-04-28','2017-06-08','Closed','Service',220),(50334,'Getting a lot of unwanted calls','2017-09-17','2017-09-20','Closed','Service',225),(50335,'CSA was very bad in service','2017-04-23','2017-04-29','Closed','Service',132),(50336,'Messages aren\'t getting users','2017-05-15','2017-08-28','Closed','Service',198),(50337,'Getting a lot of unwanted calls','2017-07-13','2017-09-15','Closed','Service',120),(50338,'Recharge amount hasn\'t been updated','2017-11-07','2017-11-08','Closed','Service',83),(50339,'Recharge amount hasn\'t been updated','2017-09-20','2017-10-01','Closed','Service',224),(50340,'CSA was very bad in service','2017-03-24','2017-12-08','Closed','Service',111),(50341,'Messages aren\'t getting users','2017-10-28','2017-12-12','Closed','Service',108),(50342,'Data speed is too low at indoors','2017-05-29','2017-08-13','Closed','Service',23),(50343,'Mobile Data not working','2017-08-07',NULL,'Open','Service',43),(50344,'Getting a lot of cross talks','2017-11-26',NULL,'Open','Service',91),(50345,'Mobile Data not working','2017-06-04',NULL,'Open','Service',185),(50346,'Calls aren\'t getting connected','2017-02-02',NULL,'Open','Service',245),(50347,'Messages aren\'t getting users','2017-04-11','2017-10-15','Closed','Service',218),(50348,'Data speed is too low','2017-03-05',NULL,'Open','Service',231),(50349,'Receiving a lot of spam messages','2017-01-31',NULL,'Open','Service',77),(50350,'Getting a lot of call drops','2017-06-14','2017-08-04','Closed','Service',36),(50351,'Getting a lot of cross talks','2017-05-29',NULL,'Open','Service',164),(50352,'Cannot connect to Customer Care','2017-10-14',NULL,'Open','Service',184),(50353,'Data speed is too low at indoors','2017-09-10','2017-12-16','Closed','Service',142),(50354,'Getting a lot of unwanted calls','2017-09-26',NULL,'Open','Service',38),(50355,'Recharge amount hasn\'t been updated','2017-06-18','2017-10-11','Closed','Service',45),(50356,'Getting a lot of cross talks','2017-05-11','2017-08-09','Closed','Service',61),(50357,'Recharge amount hasn\'t been updated','2017-09-04',NULL,'Open','Service',210),(50358,'Cannot connect to Customer Care','2017-12-01','2018-01-12','Closed','Service',138),(50359,'Data speed is too low','2017-05-24','2017-06-05','Closed','Service',169),(50360,'Recharge amount hasn\'t been updated','2017-07-03',NULL,'Open','Service',120),(50361,'Recharge amount hasn\'t been updated','2017-07-26',NULL,'Open','Service',231),(50362,'Getting a lot of call drops','2018-01-01','2018-01-04','Closed','Service',81),(50363,'Recharge amount hasn\'t been updated','2017-05-30',NULL,'Open','Service',178),(50364,'Recharge amount hasn\'t been updated','2017-01-13',NULL,'Open','Service',235),(50365,'Receiving a lot of spam messages','2017-08-11',NULL,'Open','Service',38),(50366,'Messages aren\'t getting users','2017-04-24',NULL,'Open','Service',243),(50367,'Receiving a lot of spam messages','2017-02-12','2017-12-13','Closed','Service',148),(50368,'Data speed is too low at indoors','2017-05-29','2018-01-23','Closed','Service',164),(50369,'Getting a lot of call drops','2017-03-27','2017-10-12','Closed','Service',9),(50370,'Calls aren\'t getting connected','2017-05-30','2017-06-29','Closed','Service',150),(50371,'Data speed is too low at indoors','2017-02-15','2017-06-05','Closed','Service',170),(50372,'Recharge amount hasn\'t been updated','2017-12-25',NULL,'Open','Service',52),(50373,'Mobile Data not working','2017-07-08',NULL,'Open','Service',22),(50374,'Messages aren\'t getting users','2017-02-06',NULL,'Open','Service',108),(50375,'Receiving a lot of spam messages','2017-10-14','2017-12-21','Closed','Service',135),(50376,'Mobile Data not working','2017-08-10',NULL,'Open','Service',138),(50377,'Getting a lot of call drops','2017-07-27',NULL,'Open','Service',159),(50378,'CSA was very bad in service','2017-06-04','2017-10-28','Closed','Service',158),(50379,'Getting a lot of unwanted calls','2017-06-26','2017-06-28','Closed','Service',210),(50380,'Receiving a lot of spam messages','2017-01-23','2017-10-23','Closed','Service',53),(50381,'Data speed is too low','2017-05-27',NULL,'Open','Service',64),(50382,'Data speed is too low','2017-03-14',NULL,'Open','Service',10),(50383,'Getting a lot of unwanted calls','2017-09-13',NULL,'Open','Service',34),(50384,'Messages aren\'t getting users','2017-09-24',NULL,'Open','Service',106),(50385,'Messages aren\'t getting users','2017-02-28',NULL,'Open','Service',50),(50386,'Calls aren\'t getting connected','2017-09-14','2017-10-12','Closed','Service',70),(50387,'Calls aren\'t getting connected','2017-06-04','2017-07-06','Closed','Service',95),(50388,'Getting a lot of unwanted calls','2017-09-22','2017-12-22','Closed','Service',47),(50389,'Receiving a lot of spam messages','2017-01-19','2017-08-05','Closed','Service',234),(50390,'Getting a lot of cross talks','2017-07-13','2017-09-26','Closed','Service',202),(50391,'CSA was very bad in service','2017-07-03','2017-09-11','Closed','Service',33),(50392,'Messages aren\'t getting users','2017-07-11','2017-09-11','Closed','Service',51),(50393,'Getting a lot of unwanted calls','2017-02-24',NULL,'Open','Service',247),(50394,'Data speed is too low','2017-11-15',NULL,'Open','Service',206),(50395,'Getting a lot of unwanted calls','2017-11-30','2017-12-14','Closed','Service',27),(50396,'Receiving a lot of spam messages','2017-10-09','2017-12-31','Closed','Service',99),(50397,'Getting a lot of cross talks','2017-11-21',NULL,'Open','Service',123),(50398,'Recharge amount hasn\'t been updated','2017-03-27','2017-05-24','Closed','Service',120),(50399,'Data speed is too low at indoors','2017-02-01','2017-12-14','Closed','Service',161),(50400,'Recharge amount hasn\'t been updated','2017-06-25','2018-09-20','Closed','Service',21),(50401,'CSA was very bad in service','2017-02-02','2017-03-08','Closed','Service',125),(50402,'Calls aren\'t getting connected','2017-12-16',NULL,'Open','Service',109),(50403,'Getting a lot of call drops','2017-01-14','2017-09-06','Closed','Service',179),(50404,'Data speed is too low','2017-04-03','2017-07-17','Closed','Service',182),(50405,'CSA was very bad in service','2017-04-17','2017-05-01','Closed','Service',45),(50406,'Data speed is too low','2017-11-22','2017-11-26','Closed','Service',109),(50407,'Cannot connect to Customer Care','2017-12-15','2017-12-23','Closed','Service',14),(50408,'Mobile Data not working','2017-09-27',NULL,'Open','Service',236),(50409,'Data speed is too low','2017-03-03',NULL,'Open','Service',235),(50410,'Mobile Data not working','2017-08-08',NULL,'Open','Service',126),(50411,'Cannot connect to Customer Care','2017-08-18','2017-09-25','Closed','Service',217),(50412,'Mobile Data not working','2017-10-30','2017-11-15','Closed','Service',145),(50413,'Recharge amount hasn\'t been updated','2017-10-29','2017-12-04','Closed','Service',71),(50414,'Mobile Data not working','2017-03-30','2017-06-12','Closed','Service',53),(50415,'Getting a lot of cross talks','2017-06-15','2017-08-24','Closed','Service',30),(50416,'Messages aren\'t getting users','2017-11-23',NULL,'Open','Service',106),(50417,'Recharge amount hasn\'t been updated','2017-12-06',NULL,'Open','Service',182),(50418,'Getting a lot of cross talks','2017-09-19',NULL,'Open','Service',86),(50419,'Cannot connect to Customer Care','2017-02-15',NULL,'Open','Service',7),(50420,'Getting a lot of cross talks','2017-03-14','2017-03-14','Closed','Service',155),(50421,'Data speed is too low at indoors','2017-01-20','2017-09-04','Closed','Service',82),(50422,'Messages aren\'t getting users','2017-08-02','2017-09-20','Closed','Service',245),(50423,'Cannot connect to Customer Care','2017-02-16','2017-12-07','Closed','Service',154),(50424,'Getting a lot of cross talks','2017-12-13','2017-12-17','Closed','Service',232),(50425,'CSA was very bad in service','2017-12-25','2018-01-01','Closed','Service',50),(50426,'Cannot connect to Customer Care','2017-10-23','2017-11-07','Closed','Service',213),(50427,'Getting a lot of unwanted calls','2017-09-30','2017-12-03','Closed','Service',70),(50428,'Recharge amount hasn\'t been updated','2017-02-27','2017-06-14','Closed','Service',235),(50429,'Getting a lot of unwanted calls','2017-01-19','2017-02-12','Closed','Service',170),(50430,'Data speed is too low','2017-11-25','2017-12-31','Closed','Service',173),(50431,'Getting a lot of call drops','2017-12-13','2017-12-18','Closed','Service',128),(50432,'Getting a lot of cross talks','2017-08-09','2017-08-15','Closed','Service',225),(50433,'Data speed is too low at indoors','2017-01-21','2017-12-01','Closed','Service',33),(50434,'Receiving a lot of spam messages','2017-11-27','2017-12-09','Closed','Service',67),(50435,'Data speed is too low','2017-12-02','2017-12-11','Closed','Service',46),(50436,'Cannot connect to Customer Care','2017-10-18','2017-12-15','Closed','Service',224),(50437,'Mobile Data not working','2017-12-29','2018-01-03','Closed','Service',46),(50438,'CSA was very bad in service','2017-04-08','2017-07-31','Closed','Service',246),(50439,'Mobile Data not working','2017-08-12',NULL,'Open','Service',5),(50440,'Data speed is too low at indoors','2017-02-23',NULL,'Open','Service',237),(50441,'Messages aren\'t getting users','2017-06-23','2017-07-22','Closed','Service',137),(50442,'Receiving a lot of spam messages','2017-08-28','2017-09-27','Closed','Service',222),(50443,'Getting a lot of unwanted calls','2017-12-13','2017-12-16','Closed','Service',44),(50444,'Recharge amount hasn\'t been updated','2017-10-09',NULL,'Open','Service',1),(50445,'Getting a lot of call drops','2017-05-26',NULL,'Open','Service',133),(50446,'Cannot connect to Customer Care','2017-04-24',NULL,'Open','Service',94),(50447,'Getting a lot of cross talks','2017-06-10','2018-11-04','Closed','Service',3),(50448,'Getting a lot of call drops','2017-11-26','2017-12-15','Closed','Service',247),(50449,'Getting a lot of cross talks','2017-03-07',NULL,'Open','Service',224),(50450,'Data speed is too low at indoors','2017-12-11',NULL,'Open','Service',236),(50451,'Messages aren\'t getting users','2017-10-29',NULL,'Open','Service',162),(50452,'Getting a lot of cross talks','2017-02-12','2017-07-29','Closed','Service',229),(50453,'CSA was very bad in service','2017-06-24','2017-09-04','Closed','Service',240),(50454,'Calls aren\'t getting connected','2017-10-01',NULL,'Open','Service',145),(50455,'Data speed is too low','2017-07-27',NULL,'Open','Service',50),(50456,'Getting a lot of call drops','2017-01-24',NULL,'Open','Service',141),(50457,'Recharge amount hasn\'t been updated','2017-07-18',NULL,'Open','Service',15),(50458,'Messages aren\'t getting users','2017-07-03',NULL,'Open','Service',182),(50459,'Messages aren\'t getting users','2017-01-02','2017-04-30','Closed','Service',19),(50460,'CSA was very bad in service','2017-04-24',NULL,'Open','Service',222),(50461,'Getting a lot of unwanted calls','2017-10-17','2017-12-10','Closed','Service',189),(50462,'Mobile Data not working','2017-12-14','2017-12-21','Closed','Service',103),(50463,'Recharge amount hasn\'t been updated','2017-01-11','2017-06-04','Closed','Service',250),(50464,'Mobile Data not working','2017-03-06','2017-08-03','Closed','Service',42),(50465,'Cannot connect to Customer Care','2017-04-12','2017-06-17','Closed','Service',164),(50466,'CSA was very bad in service','2017-03-09','2017-11-17','Closed','Service',40),(50467,'Getting a lot of cross talks','2017-04-26',NULL,'Open','Service',132),(50468,'Recharge amount hasn\'t been updated','2017-08-05',NULL,'Open','Service',143),(50469,'Mobile Data not working','2017-05-11',NULL,'Open','Service',127),(50470,'Recharge amount hasn\'t been updated','2017-03-27','2017-04-22','Closed','Service',96),(50471,'Messages aren\'t getting users','2017-06-30','2017-12-14','Closed','Service',4),(50472,'Mobile Data not working','2017-07-23','2017-09-15','Closed','Service',86),(50473,'Cannot connect to Customer Care','2017-01-19','2018-01-23','Closed','Service',224),(50474,'Messages aren\'t getting users','2017-11-03','2017-12-11','Closed','Service',218),(50475,'Data speed is too low','2017-06-08','2017-06-23','Closed','Service',246),(50476,'Calls aren\'t getting connected','2017-08-04','2017-08-04','Closed','Service',203),(50477,'Cannot connect to Customer Care','2017-08-06','2017-08-09','Closed','Service',139),(50478,'Recharge amount hasn\'t been updated','2017-07-27','2017-09-10','Closed','Service',76),(50479,'Data speed is too low','2017-11-21','2017-12-04','Closed','Service',22),(50480,'Data speed is too low at indoors','2017-08-23','2018-01-06','Closed','Service',112),(50481,'Data speed is too low at indoors','2017-01-24','2017-03-01','Closed','Service',156),(50482,'Getting a lot of call drops','2017-03-07',NULL,'Open','Service',210),(50483,'Messages aren\'t getting users','2017-06-06',NULL,'Open','Service',219),(50484,'Data speed is too low at indoors','2017-06-28',NULL,'Open','Service',71),(50485,'Getting a lot of call drops','2017-11-28',NULL,'Open','Service',250),(50486,'Getting a lot of call drops','2017-09-10',NULL,'Open','Service',47),(50487,'Calls aren\'t getting connected','2017-02-19','2017-12-20','Closed','Service',7),(50488,'Getting a lot of call drops','2017-09-27',NULL,'Open','Service',178),(50489,'Getting a lot of cross talks','2017-12-22',NULL,'Open','Service',78),(50490,'Cannot connect to Customer Care','2017-09-01',NULL,'Open','Service',98),(50491,'Mobile Data not working','2017-02-21','2017-12-28','Closed','Service',222),(50492,'Getting a lot of unwanted calls','2017-06-15','2017-08-03','Closed','Service',213),(50493,'Data speed is too low at indoors','2017-10-11','2017-12-11','Closed','Service',205),(50494,'Messages aren\'t getting users','2017-05-26','2017-08-08','Closed','Service',152),(50495,'Data speed is too low at indoors','2017-11-06','2017-12-06','Closed','Service',3),(50496,'Getting a lot of cross talks','2017-08-14','2017-09-30','Closed','Service',87),(50497,'Calls aren\'t getting connected','2017-12-23','2018-01-25','Closed','Service',79),(50498,'Messages aren\'t getting users','2017-01-17',NULL,'Open','Service',163),(50499,'Messages aren\'t getting users','2017-03-29',NULL,'Open','Service',98),(50500,'Getting a lot of unwanted calls','2017-09-14','2017-10-18','Closed','Service',92);
/*!40000 ALTER TABLE `tickets` ENABLE KEYS */;
UNLOCK TABLES;

--
-- Table structure for table `user`
--

DROP TABLE IF EXISTS `user`;
/*!40101 SET @saved_cs_client     = @@character_set_client */;
/*!40101 SET character_set_client = utf8 */;
CREATE TABLE `user` (
  `user_id` bigint(20) NOT NULL AUTO_INCREMENT,
  `activation_month` varchar(255) DEFAULT NULL,
  `gender` varchar(255) DEFAULT NULL,
  `user_adhar_id` varchar(12) DEFAULT NULL,
  `user_email_id` varchar(255) DEFAULT NULL,
  `user_fname` varchar(255) DEFAULT NULL,
  `user_lname` varchar(255) DEFAULT NULL,
  `user_mobile_number` varchar(255) DEFAULT NULL,
  `user_primary_lang` varchar(255) DEFAULT NULL,
  PRIMARY KEY (`user_id`)
) ENGINE=MyISAM AUTO_INCREMENT=1001 DEFAULT CHARSET=utf8;
/*!40101 SET character_set_client = @saved_cs_client */;

--
-- Dumping data for table `user`
--

LOCK TABLES `user` WRITE;
/*!40000 ALTER TABLE `user` DISABLE KEYS */;
INSERT INTO `user` VALUES (1,'April','Female','425588675358','amet@nonlaciniaat.edu','Isadora','Alvarado','7501654668','Bhojpuri\r'),(2,'October','Male','605679235821','eleifend.vitae@sociis.org','Wang','Lang','4280412616','Hindi\r'),(3,'September','Female','380868277201','id@vehiculaaliquetlibero.com','Savannah','Jimenez','2260654543','Kannada\r'),(4,'July','Others','293255028785','risus@orcisemeget.org','Bertha','Holden','7611087315','Hindi\r'),(5,'May','Female','844538781140','sapien.Aenean@urna.edu','Hamilton','Sparks','5753623179','Kannada\r'),(6,'June','Others','479761845702','lorem.eu.metus@egestasascelerisque.ca','Mercedes','Miller','4460778270','Bengali\r'),(7,'April','Male','254791909772','eget@Vestibulum.org','Colt','Dale','2309074294','Kannada\r'),(8,'June','Female','599990820077','Donec.consectetuer@id.ca','Lee','Callahan','0874636451','Hindi\r'),(9,'November','Male','574908339410','Phasellus.in.felis@inmagna.net','Robin','Ingram','8846988739','English\r'),(10,'September','Others','099415537816','Nullam@malesuadaaugueut.edu','Myra','Orr','9313044155','Bhojpuri\r'),(11,'January','Others','070399123314','adipiscing.elit@semPellentesque.co.uk','Chantale','Hoffman','6672561053','Bhojpuri\r'),(12,'May','Others','419266559046','fringilla@turpisegestas.net','Otto','Thomas','5560509733','English\r'),(13,'January','Female','474531402544','pede@magnaaneque.edu','Neil','Hatfield','5285277651','Bhojpuri\r'),(14,'August','Male','034740924453','nisi.dictum.augue@penatibuset.ca','Fredericka','Martinez','3391572664','Marathi\r'),(15,'December','Female','926840096864','semper.Nam.tempor@Sedcongue.com','Sean','Lowery','0310212563','Kannada\r'),(16,'June','Others','585036742692','at@dictum.edu','Louis','Heath','6082032005','Punjabi\r'),(17,'October','Others','437345291376','massa.Integer@a.org','Isadora','Crawford','5857672111','Tamil\r'),(18,'August','Female','454327243597','tincidunt.nunc.ac@dictum.net','Zane','Fox','4907563079','English\r'),(19,'July','Others','907409063969','porttitor.interdum@augueac.edu','Martena','Bird','4541311938','Bhojpuri\r'),(20,'December','Male','902285345256','metus.In.nec@euelit.net','Gage','Mckay','9800509204','Punjabi\r'),(21,'April','Male','549615677063','sed.hendrerit.a@Quisquepurus.net','Quinn','Mcintyre','9769813487','Bhojpuri\r'),(22,'June','Others','258291953933','Nunc.laoreet@vitaemauris.org','Imogene','Preston','4398663613','Kannada\r'),(23,'June','Male','666617235536','nunc.id.enim@Nullam.net','Alden','Blake','1853709450','Tamil\r'),(24,'November','Female','610463444947','condimentum@orci.com','Amena','Moss','5656582293','Maghi\r'),(25,'May','Female','908233114395','dolor.quam.elementum@parturientmontes.edu','Ava','Riddle','8362361279','Malayalam\r'),(26,'October','Others','295818485908','nibh.enim.gravida@lectus.net','Nicholas','Gardner','9808855701','Malayalam\r'),(27,'October','Female','958297898838','Nulla.interdum.Curabitur@ridiculusmusAenean.net','Ian','Blanchard','4942113321','Marathi\r'),(28,'July','Others','032362574389','sem@NullainterdumCurabitur.org','Diana','Porter','9514821750','English\r'),(29,'October','Others','451706122283','vestibulum.Mauris.magna@Aliquamvulputate.edu','Ramona','Petersen','9165619038','Bhojpuri\r'),(30,'February','Female','846727400277','Curabitur.consequat@eutempor.net','Stewart','Guthrie','5754611446','Marathi\r'),(31,'May','Male','304791291968','augue.scelerisque@diamProindolor.org','Forrest','Barber','8239361594','English\r'),(32,'April','Others','712458444950','libero.at@purus.com','Jasper','Campos','4572526558','Kannada\r'),(33,'December','Others','724002757259','pede.sagittis.augue@amet.ca','Vaughan','Erickson','7607892403','Punjabi\r'),(34,'May','Female','961226196330','ipsum.nunc.id@Sedmalesuadaaugue.edu','Jordan','Cook','7767857052','Malayalam\r'),(35,'May','Male','540083277827','Donec.felis.orci@enimgravida.org','Brooke','Moreno','1427437722','English\r'),(36,'October','Male','536580538032','neque@sedlibero.org','Gabriel','Harris','7846572022','Hindi\r'),(37,'March','Male','213147468170','diam@dolorNullasemper.ca','Damon','Hancock','2484321568','Bengali\r'),(38,'February','Male','475168383416','ut.quam.vel@sitametorci.co.uk','Whilemina','Gray','3597358683','Punjabi\r'),(39,'May','Female','996182622365','Suspendisse.aliquet@nascetur.edu','Lucius','Johnson','6569762191','Punjabi\r'),(40,'November','Female','961927382312','venenatis@Loremipsumdolor.edu','Rosalyn','Bell','7588595805','Marathi\r'),(41,'April','Female','166218390589','cursus.et@volutpatornarefacilisis.ca','Yoshi','Mccarthy','4108554478','Hindi\r'),(42,'October','Female','679042811604','Nulla.dignissim@consequatauctor.com','Virginia','Cantu','0884486144','Maghi\r'),(43,'October','Female','564844951688','commodo.at@eratvitaerisus.co.uk','Garrison','Small','0380105538','Hindi\r'),(44,'October','Male','522699316527','aliquet@dui.edu','Theodore','Delacruz','6851595026','English\r'),(45,'November','Male','058021579270','at@egestas.co.uk','Kieran','Fletcher','5118049977','Punjabi\r'),(46,'September','Female','472832556918','ultricies.ligula@rutrummagnaCras.net','Holmes','Horn','3720119786','Tamil\r'),(47,'November','Female','862607834101','eu@miacmattis.com','Fletcher','Richards','1245633465','Kannada\r'),(48,'September','Others','040478892765','magna.Ut@quisarcuvel.co.uk','Tanya','Merritt','3072232314','Bhojpuri\r'),(49,'October','Others','156367954732','ultricies.ornare@amet.com','Iris','Puckett','0692347369','Bhojpuri\r'),(50,'April','Female','332647741125','vitae.velit.egestas@ipsumdolor.co.uk','Sean','Sanford','1561259614','Maghi\r'),(51,'June','Female','898405952848','ac@laciniaatiaculis.net','Rana','Preston','0712728821','Bengali\r'),(52,'September','Others','770362171560','orci.Donec.nibh@Aliquam.com','Cameron','Noble','4018861269','Marathi\r'),(53,'August','Female','170296753996','tortor.Nunc@luctusCurabitur.ca','Mallory','Middleton','1631622803','Punjabi\r'),(54,'October','Female','068917556789','vitae.nibh@idmagna.co.uk','Kai','Ayers','0684349056','Maghi\r'),(55,'August','Others','355751131760','diam.Sed.diam@cursusIntegermollis.com','Ralph','Perkins','8173639923','English\r'),(56,'June','Male','641029076387','mauris.id.sapien@consectetuer.org','Alan','Ray','5418614032','Kannada\r'),(57,'April','Others','757384106660','nisi.Aenean.eget@ullamcorperviverraMaecenas.net','Orli','Guerra','5442559141','Bhojpuri\r'),(58,'February','Male','288807478841','magna.Nam.ligula@vitaesodalesat.org','Halee','Rodriguez','3010999599','Bengali\r'),(59,'January','Others','414451787516','Suspendisse.eleifend@habitantmorbitristique.edu','Moses','Holden','5062361571','Bhojpuri\r'),(60,'August','Others','396284693100','mauris.id.sapien@lectusquis.org','Leroy','Horn','1840843341','Bengali\r'),(61,'January','Others','673611166696','diam@atiaculis.ca','Laura','Hurst','4094159991','Malayalam\r'),(62,'November','Others','420000568891','risus@acturpisegestas.org','Walter','House','3162812061','Malayalam\r'),(63,'May','Others','118963408785','nisl.Maecenas@nullaCraseu.co.uk','Cody','Washington','4459236351','Bengali\r'),(64,'August','Male','611277909367','Cras.vulputate.velit@elitdictum.org','Nola','Benton','0423471031','Bengali\r'),(65,'May','Male','081022052990','vitae.sodales@nonummy.co.uk','Declan','Fisher','9344676181','Bengali\r'),(66,'October','Female','937486927411','non@dignissim.edu','Carolyn','Curtis','2355081058','Maghi\r'),(67,'November','Others','585289257182','Duis.mi@etrisusQuisque.edu','Harding','Marquez','4295300321','Hindi\r'),(68,'October','Others','670765756877','ultricies.adipiscing@convallisante.org','Akeem','Graves','0449264790','Punjabi\r'),(69,'March','Male','967745003624','egestas.ligula.Nullam@etmalesuadafames.net','Ferdinand','Greene','3813011065','Punjabi\r'),(70,'May','Female','453285250732','ut@aaliquet.edu','Whoopi','Kirk','6394741914','Malayalam\r'),(71,'February','Male','170348002996','nulla.ante@sitamet.net','Gay','Garner','0000511980','Punjabi\r'),(72,'February','Female','980879750740','semper@odio.org','Amir','Marquez','6182819323','English\r'),(73,'December','Male','853535340148','egestas@Quisqueornare.ca','Cyrus','Santiago','1043525425','Bengali\r'),(74,'August','Male','460901448377','Phasellus@lectusante.edu','Steel','Holman','0349997155','Malayalam\r'),(75,'November','Female','829610359705','nec@Etiam.com','Kelsey','David','3871673352','Tamil\r'),(76,'June','Female','787932729301','Suspendisse.eleifend.Cras@tempor.ca','Carissa','Webb','5767849864','Punjabi\r'),(77,'September','Others','770699134699','sed.pede.Cum@loremDonec.net','Tatum','Best','4288379256','Bengali\r'),(78,'October','Female','319058164706','egestas.lacinia.Sed@laciniaatiaculis.co.uk','Peter','Blackburn','9828218870','Malayalam\r'),(79,'June','Male','575294925098','risus.a@arcuVestibulumut.ca','Christen','Whitehead','7586577641','Kannada\r'),(80,'February','Female','821945324445','at.velit@Phasellus.edu','Tyrone','Fulton','7638025845','Hindi\r'),(81,'December','Female','389320076916','dui.lectus@indolor.net','Kenyon','Shepard','7157712515','Bengali\r'),(82,'January','Others','020830214653','Morbi.quis.urna@nonummyFuscefermentum.edu','Bert','Mitchell','7896743603','Punjabi\r'),(83,'June','Female','019220762942','facilisi@accumsannequeet.ca','Chandler','Lowe','6813739387','Bhojpuri\r'),(84,'April','Male','390493669093','convallis.dolor@nonfeugiat.org','Dai','Murphy','5144931661','Tamil\r'),(85,'May','Male','738575390938','turpis.In.condimentum@conubianostra.ca','Kylan','Harding','6114570091','Marathi\r'),(86,'August','Female','554558194510','congue@at.co.uk','Hiroko','Walsh','8503786758','Bhojpuri\r'),(87,'April','Others','619331619326','ac.mattis.velit@placerat.com','Brody','Smith','4663558993','English\r'),(88,'July','Others','766386476914','ante@fringillacursus.com','David','Hardin','0738328971','English\r'),(89,'June','Others','749303773655','massa.Integer.vitae@sapien.com','Alfreda','Washington','3311943038','Tamil\r'),(90,'March','Female','696814027944','mattis.velit@afacilisisnon.org','Austin','Hobbs','9421847806','Marathi\r'),(91,'January','Male','679597630191','aliquet@ullamcorpervelitin.co.uk','Idola','Orr','5072284906','Maghi\r'),(92,'December','Others','064724465108','eget@imperdiet.edu','Rhiannon','Colon','6913412451','Hindi\r'),(93,'December','Others','046850939125','ultrices.posuere@nec.com','Renee','Weeks','1280874218','Tamil\r'),(94,'November','Female','601657190762','sit.amet@pretiumetrutrum.org','Amela','Nielsen','1249830125','Malayalam\r'),(95,'January','Others','378376342005','aliquam@non.co.uk','Jakeem','Byers','3411670604','Bengali\r'),(96,'September','Others','164515223249','libero@tempor.org','Tamekah','Burgess','1691145281','Kannada\r'),(97,'September','Male','383464817845','at.risus@necmetusfacilisis.net','Athena','Hernandez','0357122877','Punjabi\r'),(98,'December','Male','690317536623','sem@feugiat.ca','Nicholas','Nixon','5293700527','Hindi\r'),(99,'January','Female','884782824719','consequat.auctor@acarcu.net','Ian','Workman','0330017322','Marathi\r'),(100,'June','Others','861314883217','elit.pharetra.ut@auctornon.ca','Serina','Ramos','2556312676','English\r'),(101,'August','Female','796062845140','enim.diam.vel@orci.com','Xavier','Wilson','5508552200','Kannada\r'),(102,'August','Others','138867640713','vitae.orci.Phasellus@quamCurabitur.net','Britanney','Odonnell','0356877811','Bengali\r'),(103,'May','Others','101938907102','Phasellus@ut.com','Holly','Hendrix','0841381976','Hindi\r'),(104,'April','Female','382623109192','tristique.pellentesque@molestiesodalesMauris.co.uk','Yen','Johnston','8985543877','Kannada\r'),(105,'February','Female','577769040090','nec@lobortis.net','Graham','Bridges','1644968174','Bhojpuri\r'),(106,'June','Male','429477061389','Aliquam.erat@volutpatNulla.org','Daria','Fitzgerald','8074741267','Bengali\r'),(107,'July','Male','780477189431','posuere@euismodetcommodo.com','Chloe','English','9075415098','Bhojpuri\r'),(108,'June','Others','771519374075','iaculis.quis@hendreritDonecporttitor.com','Sawyer','Mccullough','6176888799','Punjabi\r'),(109,'December','Others','374346459220','ut.pellentesque@Proin.com','Anastasia','Britt','9170454681','Bengali\r'),(110,'July','Male','311315945196','tortor.nibh@at.ca','Lesley','Owen','6078437951','English\r'),(111,'November','Others','951668899732','mauris@commodoipsum.org','Eleanor','West','9529277405','Bengali\r'),(112,'September','Others','161230944526','elit.elit@pedemalesuada.co.uk','Maryam','Rivers','2002357558','Malayalam\r'),(113,'December','Others','290135949178','Mauris.magna.Duis@euaccumsan.co.uk','Cruz','Booth','5507153204','Marathi\r'),(114,'October','Others','132351403514','ipsum@arcu.org','Luke','Manning','1165405589','Hindi\r'),(115,'October','Male','432288858172','Nam@blandit.com','Richard','Norton','6445973811','English\r'),(116,'January','Female','154653888230','a@tellus.co.uk','Colton','Mullen','0705298727','Malayalam\r'),(117,'May','Others','166273668319','et@MaurisnullaInteger.com','Sybil','Daniels','5941533030','Marathi\r'),(118,'June','Female','101924061939','amet.consectetuer@Donecfeugiat.com','Xyla','Sharpe','6098570760','Punjabi\r'),(119,'December','Others','478237671083','Quisque.ornare@sitametconsectetuer.net','May','Livingston','4407244010','Tamil\r'),(120,'June','Female','723394727145','Aliquam.erat.volutpat@arcuMorbisit.ca','Ivana','Flowers','3214201159','Hindi\r'),(121,'January','Female','836861494095','velit.egestas.lacinia@inconsequat.org','Marsden','Gibbs','4983647361','Hindi\r'),(122,'September','Male','394200168299','per.inceptos@sapienimperdietornare.net','Rigel','Luna','8400042734','Kannada\r'),(123,'December','Male','058152389440','quis.arcu.vel@augue.net','Brenden','Wolfe','3172989209','Bhojpuri\r'),(124,'April','Others','645957237701','nisl.Nulla.eu@antedictummi.co.uk','Nicole','Hodges','1758756466','Bhojpuri\r'),(125,'August','Male','577280730660','diam.vel@enimEtiamimperdiet.net','Mallory','Anderson','4344554556','Maghi\r'),(126,'March','Female','632140431355','Nullam.ut@adipiscing.org','Karleigh','Fox','7718754013','Kannada\r'),(127,'July','Female','648877434002','metus.In.lorem@sem.net','Kasimir','Barton','2262182941','Hindi\r'),(128,'January','Male','736430400861','justo.eu.arcu@leo.net','Vincent','Landry','1822944609','Tamil\r'),(129,'December','Female','653008517592','Donec.est@netus.co.uk','Ashely','Chaney','4492374687','Kannada\r'),(130,'June','Others','690729571929','volutpat@nondapibusrutrum.edu','Hedley','Sutton','5078449652','English\r'),(131,'September','Male','689229316582','Mauris@enimconsequat.ca','Benjamin','Barlow','4442791585','Maghi\r'),(132,'July','Male','276478645085','eget.odio@Etiambibendumfermentum.co.uk','Hollee','Briggs','1680021129','Bengali\r'),(133,'September','Female','646083078717','euismod.et.commodo@NullafacilisisSuspendisse.com','Samuel','Burris','5116290545','Malayalam\r'),(134,'September','Others','313457973739','accumsan@Aliquam.ca','Ray','Avery','9259216885','Kannada\r'),(135,'November','Others','278517687053','Mauris.ut.quam@pellentesque.co.uk','Jennifer','Valencia','7251867404','English\r'),(136,'November','Male','754278289191','eu.erat@Ut.net','Hope','Cabrera','5757225976','Bhojpuri\r'),(137,'October','Others','118241303898','aliquam@ametante.org','Urielle','Cain','9716889767','Punjabi\r'),(138,'August','Others','236037092245','pede.malesuada.vel@placerat.edu','Jacqueline','Cruz','3928367351','Hindi\r'),(139,'November','Female','556155507604','eu@feugiat.ca','Hector','Harrison','2998148037','English\r'),(140,'December','Female','880638380132','semper@enimcommodohendrerit.ca','Simone','Hopper','6877928312','Tamil\r'),(141,'June','Male','240307988194','Nunc.commodo.auctor@consectetuermauris.ca','Stephanie','Davenport','2952431284','Bengali\r'),(142,'November','Male','932965237067','urna.Nunc@pedenecante.ca','Buffy','Fleming','5759397531','Tamil\r'),(143,'August','Others','606779681209','justo.sit.amet@in.org','Kaden','Hobbs','7820200659','Tamil\r'),(144,'March','Female','215606471445','lobortis@nulla.com','Fletcher','Sharp','5551210591','Kannada\r'),(145,'February','Male','698894499798','ultrices.Duis@Vivamus.com','Hollee','Navarro','3841365524','Kannada\r'),(146,'June','Male','882643444436','nascetur.ridiculus@Integertincidunt.net','Jerry','Bender','1682124726','Bengali\r'),(147,'October','Female','386229942259','Donec@lacusvarius.co.uk','Slade','Stark','4620738005','Bhojpuri\r'),(148,'October','Female','294094774744','metus.eu.erat@Donecnonjusto.com','Chaney','Vincent','9317299004','Bengali\r'),(149,'August','Male','580257177272','ullamcorper.magna.Sed@Crasvehiculaaliquet.co.uk','Rama','Snider','0502333904','Kannada\r'),(150,'June','Male','558354444836','In.at.pede@Cumsociis.net','Elaine','Cain','6448871248','English\r'),(151,'January','Male','428026193113','magnis.dis@acmattissemper.org','Dale','Campbell','5071826474','Tamil\r'),(152,'June','Female','209083391194','Nam.interdum@nulla.com','Quamar','Salas','8548857998','Kannada\r'),(153,'November','Female','706890625287','Fusce@ultrices.edu','Kerry','Craig','0965328952','Maghi\r'),(154,'March','Female','397670586957','Lorem.ipsum@leoelementum.ca','Cora','Atkinson','1987967617','Malayalam\r'),(155,'June','Male','600558927837','dui.Cum@ridiculus.com','Hashim','Blair','8211796561','Kannada\r'),(156,'October','Others','676586076883','aliquet.metus@Maecenas.org','Cody','Howe','3947273093','Bhojpuri\r'),(157,'May','Others','721516849472','egestas.Sed.pharetra@egetmetuseu.ca','Hiram','Pollard','0872918305','Bhojpuri\r'),(158,'December','Male','033518287835','id.enim@Integervulputate.edu','Emery','Farmer','6478708471','Maghi\r'),(159,'January','Female','857128354211','pede.sagittis.augue@elementum.net','Graiden','Lyons','1178730795','Bengali\r'),(160,'January','Others','647420003629','malesuada.ut.sem@et.org','Elliott','Bates','5160001252','Punjabi\r'),(161,'May','Others','430494112553','urna.Nullam@urna.co.uk','Ivory','Green','3074240119','Bengali\r'),(162,'January','Others','584646838895','orci.Phasellus@cursusInteger.ca','Darrel','Jackson','2089588729','Hindi\r'),(163,'October','Others','679570391522','mollis@convallis.co.uk','Arsenio','Monroe','8489157525','Kannada\r'),(164,'January','Others','334090876140','egestas.Duis.ac@nibh.ca','Lester','Walsh','2672390340','Punjabi\r'),(165,'October','Male','779544079888','dictum.ultricies@tellus.net','Maris','Chaney','9305827192','Malayalam\r'),(166,'November','Others','295613202390','Aliquam.adipiscing.lobortis@velpede.ca','Jack','Rich','5836665150','Malayalam\r'),(167,'April','Female','484081951178','mi.lacinia@non.co.uk','Ishmael','Davenport','6082077561','English\r'),(168,'June','Male','854832861074','Vivamus@Inornare.net','Orlando','Phillips','0877702182','Malayalam\r'),(169,'August','Female','649170303900','sit.amet@semper.com','Abbot','Little','3441427877','Punjabi\r'),(170,'November','Female','102510332373','porttitor@Donectempor.net','Liberty','Wall','0396154635','Maghi\r'),(171,'February','Others','538533371795','eros@viverraDonec.ca','Medge','Forbes','1898885741','Hindi\r'),(172,'September','Female','869960733986','auctor.non.feugiat@necenim.ca','Beatrice','Emerson','9399860966','Bhojpuri\r'),(173,'July','Others','764705180352','pellentesque.Sed.dictum@neque.net','Alyssa','Gates','9381402405','Bhojpuri\r'),(174,'February','Others','534943848688','nulla.at.sem@nectempus.com','Hedwig','Bullock','5905140943','Bhojpuri\r'),(175,'February','Others','856973839365','sapien.Nunc@diam.co.uk','Kyle','Baker','2021449501','Punjabi\r'),(176,'June','Male','516868861941','id.mollis@rhoncusidmollis.org','Galena','Terry','1357619751','Malayalam\r'),(177,'April','Others','181581429258','hendrerit.a.arcu@auctorveliteget.co.uk','Maryam','Hardin','3285430216','Malayalam\r'),(178,'January','Others','832983555425','eu@tristiquepellentesque.edu','Bradley','Wilcox','7955263818','Kannada\r'),(179,'June','Male','161879747399','orci.Ut.sagittis@massalobortis.com','Shay','Buckner','1957900659','Punjabi\r'),(180,'February','Female','462729093448','sapien.Aenean@Maecenasornare.com','Kiona','Small','2305802562','Maghi\r'),(181,'September','Female','263221244620','nonummy.ac.feugiat@metus.co.uk','Lila','Goodwin','4466644520','Kannada\r'),(182,'July','Female','806905568765','purus@odioEtiam.com','Brady','Harrell','9557181840','Hindi\r'),(183,'December','Male','331413293374','mi@faucibus.edu','Christian','Huffman','0704669707','English\r'),(184,'May','Female','367865021525','sed@metussit.com','Davis','Thompson','0148664626','Hindi\r'),(185,'October','Female','408640639940','nisi.Cum.sociis@nec.org','Harrison','Berry','1768478784','Tamil\r'),(186,'July','Male','917786607190','urna.Nunc.quis@magnisdis.net','Sade','Grimes','9020566724','Maghi\r'),(187,'April','Female','952543134314','nec.leo.Morbi@posuere.ca','Dane','Cox','8271762668','English\r'),(188,'October','Male','687311082150','sem@Nunclaoreetlectus.ca','Charles','Salas','6586742728','Tamil\r'),(189,'November','Female','973759557387','Lorem.ipsum.dolor@dolorsitamet.edu','Kylan','Oconnor','4208650625','Marathi\r'),(190,'January','Female','336602084563','tincidunt.vehicula@tellusnon.com','Declan','Chang','1580772813','Bengali\r'),(191,'July','Others','201856358759','cursus@auctorodioa.ca','Noble','Valenzuela','9861055516','Hindi\r'),(192,'May','Female','708440506443','nulla@aliquet.edu','Cora','Watson','4828034233','Tamil\r'),(193,'October','Male','531137419055','dictum.Proin@magnisdisparturient.com','Dale','Conley','3314268575','Tamil\r'),(194,'February','Female','240272458419','Curabitur.dictum.Phasellus@vel.ca','Alma','Hendrix','2544897130','Bengali\r'),(195,'October','Female','988586356653','nibh.Donec.est@eu.net','Rogan','Herman','8001842053','Hindi\r'),(196,'April','Female','999933646724','nibh@cursusaenim.org','Lionel','Hinton','6142519057','Marathi\r'),(197,'March','Others','014965658463','a@nonleoVivamus.ca','Dillon','Reed','9729179580','English\r'),(198,'October','Male','316814464008','mauris.Integer.sem@massa.net','Regina','Koch','8725412723','Bengali\r'),(199,'September','Male','104163448396','ornare.libero@feliseget.ca','Tashya','Deleon','3434602361','Marathi\r'),(200,'August','Male','064801815432','Donec.felis@magnis.co.uk','Victor','Morris','8290511686','English\r'),(201,'February','Male','328644728116','Aenean@dolorDonecfringilla.net','Amir','Baldwin','5581927585','Marathi\r'),(202,'March','Others','183429775613','tempus.lorem.fringilla@ipsumac.org','Thomas','Garrett','3741264163','Malayalam\r'),(203,'December','Male','195247746853','Pellentesque.habitant@maurissit.ca','Clarke','Hall','5137915117','Bengali\r'),(204,'January','Male','191482757944','tincidunt.dui@ametornare.org','Rogan','Solomon','9035448607','Maghi\r'),(205,'April','Others','546125269269','tincidunt.aliquam@vitaerisus.net','Dominique','Elliott','3838965016','Malayalam\r'),(206,'June','Others','216112226839','aliquet@eratSednunc.org','Dennis','Ayers','2903669725','Malayalam\r'),(207,'April','Female','334026624205','lacus@eu.co.uk','Fredericka','Byrd','0578329777','Hindi\r'),(208,'November','Others','769721848234','augue.porttitor.interdum@nisl.org','Linus','Guy','7055885827','Hindi\r'),(209,'March','Female','226117188515','et.malesuada@amet.edu','Bert','Guthrie','2065375082','Punjabi\r'),(210,'November','Others','030168882419','ac.ipsum@hymenaeosMaurisut.com','Giselle','Moses','8428958531','Marathi\r'),(211,'February','Others','135109861837','vitae.diam@ametdapibusid.org','Aristotle','Leach','9442088784','Hindi\r'),(212,'July','Female','219223735373','sed.facilisis.vitae@adipiscingelitCurabitur.com','Jenette','Ryan','5945277242','Hindi\r'),(213,'June','Others','326990066253','Cras.sed@lacusAliquamrutrum.edu','Sarah','Long','0393533400','Maghi\r'),(214,'August','Female','858038376479','enim@bibendumsedest.org','Myra','Duncan','6905252421','Marathi\r'),(215,'December','Male','185006540647','dictum.cursus@vitae.net','Maisie','Boyle','3036315242','Maghi\r'),(216,'June','Others','960658290095','est.ac.mattis@pellentesqueSed.com','Keefe','Alexander','1173506319','Malayalam\r'),(217,'March','Female','906443338909','nec.ante.Maecenas@loremvitaeodio.org','Anne','Bruce','9799366628','Marathi\r'),(218,'July','Male','190689178627','ornare@duiCum.edu','Aubrey','Dorsey','1860449040','Bhojpuri\r'),(219,'January','Male','011259880287','neque.Nullam@sollicitudin.org','Irene','Dawson','9242652081','Bengali\r'),(220,'October','Female','009757599214','at@quis.org','Cora','Sharp','1954746175','Maghi\r'),(221,'December','Female','132017295785','egestas.rhoncus@mi.org','Laith','Kirkland','6512809487','Maghi\r'),(222,'January','Female','776350551763','faucibus.id@urna.ca','Hadassah','Shields','2669305901','Kannada\r'),(223,'May','Others','109722024543','enim.Nunc@massaSuspendisse.net','Beck','English','9924039876','Bengali\r'),(224,'April','Male','486019492472','pede.Cum@eterosProin.org','Hayley','Valenzuela','6406340170','Kannada\r'),(225,'May','Female','916968032330','quam.vel@Suspendisseseddolor.co.uk','Carlos','Kelly','5185066035','Bengali\r'),(226,'November','Male','299233482666','quis@tempusmauris.net','Conan','Flowers','9315423140','Malayalam\r'),(227,'May','Female','126918310087','posuere.cubilia.Curae@velvenenatis.org','Zachery','Mcbride','3420645414','Punjabi\r'),(228,'December','Male','576316316847','risus@hendrerit.com','Carol','Reed','8647876612','Bengali\r'),(229,'June','Female','077484237917','vel.vulputate.eu@felis.org','Genevieve','Cochran','6992567968','Kannada\r'),(230,'May','Male','141951728545','In.scelerisque@tortordictumeu.ca','Macy','Crawford','8909512379','Kannada\r'),(231,'February','Male','766333829259','sed.orci.lobortis@viverraMaecenas.edu','Baxter','Brock','8797619655','Marathi\r'),(232,'April','Female','534139558462','Phasellus.elit@sitamet.ca','Zephania','Hewitt','4183940939','Malayalam\r'),(233,'July','Others','936319900633','mauris@eget.ca','Howard','Rice','3878744457','Tamil\r'),(234,'December','Others','418619355623','a.neque.Nullam@porttitorscelerisqueneque.edu','Malcolm','Horn','9190540624','Hindi\r'),(235,'November','Female','354535464277','malesuada.augue@amagna.org','Theodore','Juarez','4484275788','Bhojpuri\r'),(236,'December','Others','990507435561','dui.quis.accumsan@purusaccumsaninterdum.edu','Inez','Roth','6353200079','English\r'),(237,'October','Female','907656639571','sapien.imperdiet.ornare@egetnisidictum.edu','Jamalia','Shaw','7380802759','Maghi\r'),(238,'January','Female','196049125707','dictum.Proin.eget@pede.edu','Axel','Adkins','8224873061','Bhojpuri\r'),(239,'May','Others','626538338400','a@augue.net','Brandon','Roth','1782851780','Malayalam\r'),(240,'November','Others','368206876239','tempor.lorem@tinciduntvehicula.com','Keith','Ayers','1754751168','Bengali\r'),(241,'November','Male','746842392323','Etiam.gravida@Suspendisse.co.uk','Sandra','Weaver','0923098076','Punjabi\r'),(242,'June','Others','890150378878','ligula@acmattis.ca','Ruby','Waller','8044047389','Tamil\r'),(243,'September','Others','418850321824','at@adipiscingenimmi.net','Barry','Craft','4521090102','Bengali\r'),(244,'July','Others','006011265860','imperdiet@gravida.org','Colby','Acosta','5538437348','Marathi\r'),(245,'June','Male','655147370117','convallis.ligula@Namac.ca','Shafira','Sanchez','4970460449','Tamil\r'),(246,'January','Others','391974254767','Duis@Nulla.edu','Signe','Romero','6948701078','Punjabi\r'),(247,'July','Male','047878158519','sed.sapien.Nunc@egestas.com','Ulric','Ramos','2174950305','Hindi\r'),(248,'July','Others','556181229600','varius@tinciduntdui.net','Leo','Hurley','7663615163','Marathi\r'),(249,'March','Others','088945680425','sem@Aliquam.ca','Hyacinth','Sanford','4180125653','English\r'),(250,'September','Female','585822476873','nunc.sed.pede@nuncrisusvarius.net','Hoyt','Little','1043432741','Tamil\r');
/*!40000 ALTER TABLE `user` ENABLE KEYS */;
UNLOCK TABLES;

--
-- Table structure for table `user_plan_mapping`
--

DROP TABLE IF EXISTS `user_plan_mapping`;
/*!40101 SET @saved_cs_client     = @@character_set_client */;
/*!40101 SET character_set_client = utf8 */;
CREATE TABLE `user_plan_mapping` (
  `user_user_id` bigint(20) NOT NULL,
  `pd_plan_id` bigint(20) NOT NULL,
  KEY `FKeolcqgvim6l8su8le21uu2f78` (`pd_plan_id`),
  KEY `FKqd17q9gsrhug3nruua890k7i1` (`user_user_id`)
) ENGINE=MyISAM DEFAULT CHARSET=utf8;
/*!40101 SET character_set_client = @saved_cs_client */;

--
-- Dumping data for table `user_plan_mapping`
--

LOCK TABLES `user_plan_mapping` WRITE;
/*!40000 ALTER TABLE `user_plan_mapping` DISABLE KEYS */;
INSERT INTO `user_plan_mapping` VALUES (121,20006),(92,20010),(240,20015),(6,20016),(38,20018),(4,20008),(25,20006),(177,20007),(109,20004),(211,20019),(110,20016),(187,20011),(165,20020),(170,20008),(68,20014),(140,20012),(171,20006),(150,20008),(108,20013),(20,20005),(5,20003),(54,20005),(247,20007),(198,20008),(240,20011),(130,20008),(65,20004),(212,20015),(46,20001),(28,20005),(214,20016),(226,20016),(222,20003),(43,20015),(189,20006),(198,20014),(38,20008),(154,20014),(101,20013),(172,20001),(23,20012),(179,20009),(141,20012),(113,20011),(53,20004),(135,20010),(127,20009),(134,20011),(80,20018),(146,20019),(74,20011),(169,20019),(127,20010),(78,20013),(25,20004),(144,20010),(128,20020),(94,20009),(10,20007),(17,20003),(102,20006),(220,20020),(32,20003),(29,20007),(151,20008),(49,20011),(195,20020),(199,20014),(125,20019),(154,20006),(90,20017),(100,20001),(35,20003),(60,20009),(45,20018),(183,20008),(146,20014),(5,20014),(52,20016),(215,20020),(15,20006),(72,20006),(98,20012),(228,20004),(37,20014),(71,20018),(143,20018),(6,20016),(177,20012),(199,20001),(233,20011),(77,20012),(242,20007),(240,20018),(168,20011),(224,20003),(106,20019),(209,20009),(212,20019),(196,20013),(33,20002),(39,20010),(52,20003),(22,20020),(126,20017),(58,20015),(151,20017),(73,20018),(64,20001),(79,20004),(79,20012),(73,20007),(55,20020),(175,20005),(175,20008),(240,20012),(50,20012),(97,20017),(200,20016),(147,20017),(209,20003),(214,20011),(206,20013),(97,20004),(156,20010),(15,20002),(57,20004),(212,20012),(233,20008),(190,20006),(82,20015),(234,20020),(244,20005),(39,20007),(169,20015),(220,20004),(22,20019),(55,20002),(52,20009),(221,20007),(184,20017),(119,20002),(54,20016),(117,20015),(14,20020),(202,20010),(151,20014),(153,20010),(52,20016),(111,20001),(199,20018),(185,20016),(4,20001),(103,20020),(204,20003),(184,20006),(217,20003),(47,20008),(86,20018),(245,20004),(190,20016),(151,20017),(187,20011),(45,20014),(203,20008),(109,20012),(74,20020),(131,20013),(229,20005),(132,20009),(117,20004),(168,20010),(181,20014),(197,20009),(134,20018),(63,20001),(51,20015),(14,20003),(142,20002),(86,20010),(246,20008),(218,20015),(85,20018),(248,20008),(91,20008),(70,20002),(140,20013),(125,20005),(83,20013),(4,20001),(118,20011),(76,20018),(142,20019),(180,20008),(5,20002),(1,20001),(151,20001),(177,20003),(194,20008),(204,20009),(13,20003),(172,20009),(205,20014),(81,20017),(159,20008),(233,20001),(79,20013),(171,20015),(31,20014),(60,20019),(195,20017),(80,20007),(89,20006),(85,20013),(71,20010),(225,20012),(119,20009),(141,20011),(212,20020),(2,20011),(114,20007),(82,20013),(190,20003),(214,20003),(247,20005),(206,20011),(123,20015),(108,20009),(73,20010),(225,20014),(47,20010),(6,20007),(83,20013),(132,20010),(58,20016),(249,20008),(30,20002),(90,20018),(135,20017),(11,20006),(52,20010),(229,20007),(224,20018),(128,20016),(29,20002),(100,20018),(81,20007),(136,20010),(16,20005),(80,20001),(116,20002),(150,20001),(10,20014),(118,20012),(36,20005),(186,20010),(68,20001),(73,20004),(186,20014),(164,20001),(96,20014),(200,20004),(143,20003),(210,20011),(133,20009),(16,20009),(169,20011),(67,20003),(138,20020),(238,20007),(81,20005),(243,20005),(53,20017),(109,20004),(148,20007),(95,20012),(223,20020),(55,20002),(14,20008),(29,20001),(225,20019),(32,20015),(189,20009),(6,20015),(136,20016),(5,20009),(122,20001),(50,20007),(144,20017),(37,20006),(168,20011),(61,20010),(180,20017),(236,20017),(120,20006),(105,20003),(105,20004),(52,20018),(35,20011),(212,20011),(148,20016),(248,20019),(14,20014),(95,20011),(195,20013),(133,20006),(182,20001),(184,20019),(104,20009),(226,20001),(167,20003),(33,20006),(244,20010),(126,20015),(1,20013),(13,20007),(133,20012),(21,20015),(82,20011),(124,20003),(113,20014),(98,20007),(161,20015),(203,20017),(15,20014),(159,20006),(215,20004),(112,20013),(36,20016),(133,20009),(70,20004),(236,20018),(183,20009),(25,20020),(53,20012),(45,20006),(236,20005),(31,20016),(53,20013),(76,20015),(161,20002),(222,20020),(150,20015),(108,20010),(112,20016),(232,20019),(223,20009),(223,20001),(3,20016),(77,20003),(114,20007),(45,20020),(131,20017),(142,20004),(207,20012),(240,20011),(201,20003),(130,20013),(52,20008),(29,20002),(79,20014),(118,20008),(59,20002),(57,20014),(5,20015),(99,20011),(238,20014),(205,20017),(233,20003),(95,20016),(22,20002),(163,20006),(206,20019),(11,20005),(170,20008),(183,20015),(166,20007),(80,20019),(177,20017),(160,20003),(60,20005),(185,20012),(235,20002),(62,20020),(216,20002),(7,20018),(181,20003),(203,20016),(25,20014),(235,20016),(182,20018),(195,20013),(31,20013),(77,20014),(54,20017),(174,20009),(237,20020),(4,20006),(232,20013),(20,20012),(214,20010),(40,20010),(177,20006),(227,20014),(3,20006),(140,20007),(116,20020),(191,20012),(201,20006),(214,20003),(154,20017),(170,20009),(44,20017),(163,20020),(37,20002),(132,20006),(234,20008),(103,20016),(25,20007),(131,20007),(20,20012),(113,20003),(193,20016),(168,20014),(16,20006),(4,20009),(170,20006),(78,20006),(102,20001),(139,20001),(106,20012),(237,20018),(195,20003),(111,20005),(118,20017),(250,20009),(161,20015),(88,20009),(44,20020),(79,20016),(103,20012),(108,20020),(169,20007),(194,20012),(110,20003),(108,20014),(205,20015),(84,20002),(118,20012),(98,20003),(192,20013),(150,20012),(198,20005),(100,20015),(114,20020),(83,20001),(155,20016),(6,20012),(179,20018),(235,20012),(72,20013),(202,20015),(92,20015),(130,20020),(120,20010),(214,20012),(149,20012),(6,20016),(23,20002),(245,20006),(223,20011),(86,20018),(191,20003),(220,20018),(29,20016),(73,20001),(162,20013),(100,20014),(231,20016),(91,20014),(27,20006),(186,20009),(182,20012),(64,20017),(142,20003),(14,20003),(102,20011),(103,20001),(199,20002),(170,20012),(42,20019),(194,20007),(41,20015),(247,20001),(203,20018),(61,20005),(79,20007),(174,20016),(5,20007),(181,20006),(112,20001),(146,20007),(190,20014),(246,20008),(215,20014),(179,20003),(81,20004),(212,20016),(87,20012),(86,20014),(20,20002),(196,20004),(151,20005),(215,20016),(212,20009),(105,20017),(230,20003),(71,20006),(188,20020),(164,20003),(75,20008),(97,20012),(240,20012),(42,20008),(154,20015),(145,20008),(31,20017),(58,20019),(102,20006),(218,20005),(105,20004),(33,20004),(226,20020),(150,20011),(40,20011),(97,20016),(61,20004),(185,20006),(190,20006),(199,20009),(176,20005),(176,20017),(7,20002),(144,20016),(217,20001),(6,20009),(172,20005),(34,20019),(156,20013),(17,20019),(238,20009),(7,20005),(14,20018),(163,20004),(32,20001),(209,20009),(16,20014),(216,20019),(4,20016),(152,20008),(121,20018),(94,20003),(65,20015),(213,20020),(240,20013),(40,20007),(211,20013),(121,20020),(246,20016),(120,20002),(248,20003),(245,20011),(81,20002),(183,20016),(44,20008),(199,20014),(194,20010),(208,20007),(170,20015),(170,20016),(29,20007),(62,20020),(163,20009),(18,20011),(156,20007),(142,20016),(79,20006),(13,20007),(159,20020),(119,20015),(75,20007),(119,20017),(190,20019),(190,20017),(48,20013),(73,20011),(114,20011),(30,20011),(86,20012),(235,20005),(156,20007),(17,20002),(141,20014),(235,20004),(206,20016),(119,20012),(85,20019),(171,20020),(226,20006),(64,20012),(172,20004),(116,20010),(236,20008),(177,20011),(35,20020),(135,20003),(173,20003),(207,20008),(147,20010),(224,20002),(181,20011),(195,20003),(16,20004),(181,20014),(199,20016),(84,20017),(231,20017),(241,20011),(20,20013),(78,20020),(147,20004),(9,20009),(1,20016),(5,20009),(230,20002),(250,20011),(107,20012),(189,20017),(17,20011),(226,20003),(127,20006),(24,20013),(250,20010),(175,20019),(168,20008),(182,20005),(99,20015),(140,20018),(207,20004),(122,20012),(146,20016),(233,20013),(171,20019),(124,20006),(38,20006),(137,20004),(96,20017),(33,20008),(220,20017),(181,20015),(167,20014),(146,20019),(143,20019),(208,20007),(224,20003),(226,20007),(110,20005),(28,20020),(105,20009),(104,20015),(122,20015),(110,20009),(70,20014),(243,20005),(170,20019),(202,20001),(103,20005),(124,20009),(77,20020),(188,20003),(69,20005),(133,20002),(51,20003),(198,20008),(119,20002),(8,20015),(9,20002),(11,20001),(216,20007),(182,20016),(113,20008),(153,20014),(20,20007),(31,20006),(8,20008),(112,20006),(183,20018),(62,20017),(198,20018),(29,20012),(87,20002),(8,20013),(107,20014),(233,20003),(53,20006),(241,20007),(183,20010),(237,20016),(107,20011),(212,20015),(75,20001),(162,20005),(193,20016),(182,20001),(61,20002),(160,20009),(45,20002),(208,20008),(197,20006),(24,20011),(169,20009),(215,20015),(231,20006),(110,20016),(148,20011),(92,20013),(97,20009),(8,20018),(98,20009),(108,20011),(132,20007),(178,20011),(12,20010),(69,20018),(136,20009),(57,20006),(127,20018),(175,20012),(95,20012),(58,20015),(160,20004),(55,20020),(181,20016),(111,20002),(231,20018),(81,20011),(183,20012),(179,20004),(74,20008),(85,20011),(119,20008),(184,20004),(179,20009),(187,20003),(231,20013),(56,20004),(108,20002),(9,20001),(208,20001),(220,20012),(167,20004),(78,20010),(120,20009),(65,20015),(103,20012),(27,20015),(20,20007),(168,20015),(67,20012),(138,20005),(45,20011),(176,20018),(227,20019),(133,20019),(8,20003),(22,20001),(84,20002),(99,20019),(110,20011),(147,20004),(48,20018),(169,20020),(250,20003),(190,20019),(208,20018),(152,20019),(73,20018),(136,20002),(43,20018),(166,20002),(50,20016),(50,20014),(250,20002),(76,20009),(159,20012),(188,20005),(98,20007),(249,20018),(162,20002),(112,20010);
/*!40000 ALTER TABLE `user_plan_mapping` ENABLE KEYS */;
UNLOCK TABLES;

--
-- Table structure for table `user_tc_mapping`
--

DROP TABLE IF EXISTS `user_tc_mapping`;
/*!40101 SET @saved_cs_client     = @@character_set_client */;
/*!40101 SET character_set_client = utf8 */;
CREATE TABLE `user_tc_mapping` (
  `user_user_id` bigint(20) NOT NULL,
  `tc_tc_id` bigint(20) NOT NULL,
  KEY `FK2dna9ufeyp4lay7agdm0h3qnr` (`tc_tc_id`),
  KEY `FKt608d8ha4383kgaerdvoar4t1` (`user_user_id`)
) ENGINE=MyISAM DEFAULT CHARSET=utf8;
/*!40101 SET character_set_client = @saved_cs_client */;

--
-- Dumping data for table `user_tc_mapping`
--

LOCK TABLES `user_tc_mapping` WRITE;
/*!40000 ALTER TABLE `user_tc_mapping` DISABLE KEYS */;
INSERT INTO `user_tc_mapping` VALUES (1,30039),(2,30016),(3,30033),(4,30040),(5,30035),(6,30009),(7,30043),(8,30020),(9,30018),(10,30024),(11,30005),(12,30010),(13,30032),(14,30014),(15,30041),(16,30043),(17,30001),(18,30005),(19,30036),(20,30013),(21,30040),(22,30035),(23,30019),(24,30001),(25,30030),(26,30029),(27,30014),(28,30018),(29,30037),(30,30004),(31,30039),(32,30010),(33,30040),(34,30034),(35,30028),(36,30025),(37,30003),(38,30009),(39,30006),(40,30025),(41,30005),(42,30027),(43,30034),(44,30024),(45,30008),(46,30004),(47,30008),(48,30008),(49,30038),(50,30023),(51,30022),(52,30025),(53,30023),(54,30022),(55,30009),(56,30041),(57,30005),(58,30019),(59,30027),(60,30028),(61,30002),(62,30030),(63,30041),(64,30015),(65,30010),(66,30010),(67,30026),(68,30043),(69,30006),(70,30017),(71,30030),(72,30007),(73,30040),(74,30017),(75,30033),(76,30005),(77,30033),(78,30014),(79,30011),(80,30031),(81,30018),(82,30031),(83,30005),(84,30043),(85,30009),(86,30024),(87,30041),(88,30029),(89,30001),(90,30033),(91,30042),(92,30003),(93,30030),(94,30034),(95,30042),(96,30033),(97,30037),(98,30017),(99,30026),(100,30029),(101,30028),(102,30040),(103,30034),(104,30012),(105,30003),(106,30032),(107,30035),(108,30040),(109,30043),(110,30015),(111,30012),(112,30022),(113,30005),(114,30019),(115,30002),(116,30016),(117,30025),(118,30016),(119,30032),(120,30011),(121,30040),(122,30042),(123,30039),(124,30007),(125,30028),(126,30020),(127,30020),(128,30024),(129,30040),(130,30039),(131,30020),(132,30010),(133,30003),(134,30010),(135,30033),(136,30035),(137,30022),(138,30031),(139,30007),(140,30003),(141,30025),(142,30030),(143,30031),(144,30012),(145,30017),(146,30002),(147,30042),(148,30002),(149,30040),(150,30032),(151,30022),(152,30039),(153,30024),(154,30010),(155,30024),(156,30019),(157,30021),(158,30008),(159,30016),(160,30004),(161,30028),(162,30023),(163,30038),(164,30034),(165,30012),(166,30041),(167,30027),(168,30042),(169,30025),(170,30040),(171,30017),(172,30001),(173,30039),(174,30011),(175,30017),(176,30018),(177,30034),(178,30031),(179,30012),(180,30027),(181,30014),(182,30021),(183,30015),(184,30010),(185,30037),(186,30016),(187,30042),(188,30035),(189,30022),(190,30011),(191,30023),(192,30023),(193,30033),(194,30010),(195,30038),(196,30030),(197,30012),(198,30037),(199,30040),(200,30036),(201,30029),(202,30001),(203,30018),(204,30010),(205,30020),(206,30019),(207,30038),(208,30023),(209,30034),(210,30019),(211,30013),(212,30029),(213,30002),(214,30008),(215,30036),(216,30033),(217,30031),(218,30026),(219,30026),(220,30035),(221,30034),(222,30025),(223,30028),(224,30022),(225,30033),(226,30028),(227,30002),(228,30020),(229,30029),(230,30034),(231,30040),(232,30043),(233,30016),(234,30031),(235,30024),(236,30033),(237,30014),(238,30025),(239,30011),(240,30036),(241,30032),(242,30002),(243,30002),(244,30043),(245,30002),(246,30011),(247,30029),(248,30037),(249,30029),(250,30014);
/*!40000 ALTER TABLE `user_tc_mapping` ENABLE KEYS */;
UNLOCK TABLES;
/*!40103 SET TIME_ZONE=@OLD_TIME_ZONE */;

/*!40101 SET SQL_MODE=@OLD_SQL_MODE */;
/*!40014 SET FOREIGN_KEY_CHECKS=@OLD_FOREIGN_KEY_CHECKS */;
/*!40014 SET UNIQUE_CHECKS=@OLD_UNIQUE_CHECKS */;
/*!40101 SET CHARACTER_SET_CLIENT=@OLD_CHARACTER_SET_CLIENT */;
/*!40101 SET CHARACTER_SET_RESULTS=@OLD_CHARACTER_SET_RESULTS */;
/*!40101 SET COLLATION_CONNECTION=@OLD_COLLATION_CONNECTION */;
/*!40111 SET SQL_NOTES=@OLD_SQL_NOTES */;

-- Dump completed on 2018-10-31 10:30:28
